EMPRRESA,CNPJ,DATA DA CALL,DATA DO FEC.,DATA 1º PGTO,VALOR,STATUS,PRODUTO,ORIGEM,TEMPERATURA,BANT,CLOSER,DATA RETOMADA,VERIF. CNPJ,MOTIVOS DE PERDA,LINK CONTRATO,CURVA DIAS,CONEXÃO STAKE,REUNIÃO MARCADA,REUNIÃO REALIZADA,DATA DA REUNIÃO,TEMPERATURA,OBSERVAÇÕES,DEADLINE,DATA AGENDAMENTO,TEMPO DE FUNIL,MÊS COMPRA,MÊS REUNIÃO,MÊS VENDA
H Santos,,30/04/2025,,,,Follow Longo,Assessoria,OUTBOUND,Quente,4,Gabriel,,,,,,,,,,,,,,,,,
Condor,,29/04/2025,,,"R$ 6.200,00",Follow Longo,Assessoria,LEADBROKER,Morno,3,Gabriel,20/07,,,,,,,,,,,,,,,,
Box ACNT,,28/04/2025,06/05/2025,15/05/2025,"R$ 4.000,00",Contrato Assinado,Assessoria,LEADBROKER,Quente,4,Gabriel,,,,,8,,,,,,,,,,,,
Unnus,,25/04/2025,,,"R$ 3.000,00",Negociação,Assessoria,LEADBROKER,Frio,3,Gabriel,,,,,,,,,,,,,,,,,
SAVOIA IMOVEIS,,05/05/2025,,,"R$ 12.000,00",Negociação,Esturação Estratégica,OUTBOUND,Frio,1,Célio,,,,,,,,,,,,,,,,,
DWIN BRINDES,,02/05/2025,,,"R$ 12.000,00",Perdido,Esturação Estratégica,RECOMENDAÇÃO,Frio,4,Célio,,,Sem Budget,,,,,,,,,,,,,,
LABORATORIO DE ANALISE CLINICAS SAMUEL PESSOA,,02/05/2025,,,"R$ 4.000,00",Perdido,Assessoria,LEADBROKER,Frio,2,Célio,,,Comprado do concorrente,,,,,,,,,,,,,,
Prodibel,,07/05/2025,,,"R$ 12.000,00",Negociação,Esturação Estratégica,LEADBROKER,Morno,3,Célio,,,,,,,,,,,,,,,,,
Kalts,,07/05/2025,,,"R$ 12.000,00",Negociação,Esturação Estratégica,INDICAÇÃO,Morno,2,Célio,,,,,,,,,,,,,,,,,
Fiorama Materiais,,07/05/2025,,,"R$ 12.000,00",Negociação,Esturação Estratégica,LEADBROKER,Morno,3,Célio,,,,,,,,,,,,,,,,,
GRUPO MB,,06/05/2025,,,"R$ 12.000,00",Negociação,Esturação Estratégica,OUTBOUND,Quente,4,Célio,,,,,,,,,,,,,,,,,
GRUPO MB,,06/05/2025,,,"R$ 19.000,00",Negociação,Brandbook,OUTBOUND,Quente,4,Célio,,,,,,,,,,,,,,,,,
Absolut Nutricion,,06/05/2025,,,"R$ 12.000,00",Negociação,Esturação Estratégica,RECOMENDAÇÃO,Morno,3,Célio,,,,,,,,,,,,,,,,,
SC Negocios imobiliarios,,05/05/2025,,,"R$ 3.000,00",Negociação,Assessoria,OUTBOUND,Quente,3,Gabriel,,,,,,,,,,,,,,,,,
SOMA URBANISMO,,05/05/2025,,,"R$ 12.000,00",Negociação,Esturação Estratégica,OUTBOUND,Morno,2,Célio,,,,,,,,,,,,,,,,,
NS,,05/05/2025,,,"R$ 3.500,00",Contrato na Rua,Assessoria,LEADBROKER,Quente,3,Célio,,,,,,,,,,,,,,,,,
LAZAROTTO IMOVEIS,,02/05/2025,,,"R$ 4.000,00",Perdido,Assessoria,OUTBOUND,Frio,2,Célio,,,,,,,,,,,,,,,,,
M Santos,,02/05/2025,,,"R$ 4.000,00",Negociação,Assessoria,OUTBOUND,Morno,3,Gabriel,,,,,,,,,,,,,,,,,
Constrac,,25/04/2025,,,"R$ 0,00",Follow Longo,Assessoria,OUTBOUND,Frio,2,Gabriel,,,,,,,,,,,,,,,,,
Laquila,,24/04/2025,,,"R$ 8.100,00",Negociação,Assessoria,LEADBROKER,Morno,3,Gabriel,,,,,,,,,,,,,,,,,
Melly Empreenidmentos,,22/04/2025,,,"R$ 4.500,00",Negociação,Social Media,LEADBROKER,Quente,4,Gabriel,,,,,,,,,,,,,,,,,
Cristal Quality,,22/04/2025,,,"R$ 5.200,00",Perdido,Assessoria,LEADBROKER,Quente,3,Célio,,,,,,,,,,,,,,,,,
Construtora TSR,,22/04/2025,,,"R$ 4.500,00",Negociação,Social Media,OUTBOUND,Frio,3,Gabriel,,,,,,,,,,,,,,,,,
Insider Edu - Matheus Ribeiro,,18/04/2025,,,"R$ 8.900,00",Negociação,Assessoria,LEADBROKER,Morno,3,Gabriel,,,,,,,,,,,,,,,,,
PHERCON CONSTRUTORA,,17/04/2025,,,"R$ 0,00",Follow Longo,Assessoria,OUTBOUND,Frio,2,Célio,,,,,,,,,,,,,,,,,
Casa dos Reboques,,17/04/2025,,,"R$ 3.000,00",Perdido,Assessoria,LEADBROKER,Quente,4,Gabriel,,,,,,,,,,,,,,,,,
GAM,,17/04/2025,,,"R$ 4.500,00",Negociação,Assessoria,LEADBROKER,Morno,4,Gabriel,,,,,,,,,,,,,,,,,
MITANI,,17/04/2025,,,"R$ 40.000,00",Negociação,Alavancagem Comercial,LEADBROKER,Morno,4,Célio,,,,,,,,,,,,,,,,,
MITANI,,17/04/2025,,,"R$ 12.000,00",Negociação,Assessoria,LEADBROKER,Morno,4,Célio,,,,,,,,,,,,,,,,,
MITANI,,17/04/2025,,,"R$ 16.000,00",Negociação,Esturação Estratégica,LEADBROKER,Quente,4,Célio,,,,,,,,,,,,,,,,,
MITANI,,17/04/2025,,,"R$ 6.987,00",Negociação,Assessoria,LEADBROKER,Quente,4,Célio,,,,,,,,,,,,,,,,,
Fly Empreendimentos,,16/04/2025,,,"R$ 12.000,00",Perdido,Esturação Estratégica,OUTBOUND,Morno,2,Célio,,,,,,,,,,,,,,,,,
Mapa Group,,16/04/2025,,,,Negociação,Assessoria,RECOMENDAÇÃO,Morno,3,Célio,,,,,,,,,,,,,,,,,
Casa do Latoeiro,,16/04/2025,,,"R$ 4.800,00",Negociação,Assessoria,LEADBROKER,Morno,3,Célio,,,,,,,,,,,,,,,,,
Conbral,,16/04/2025,,,"R$ 5.839,00",Negociação,Assessoria,OUTBOUND,Morno,3,Gabriel,,,,,,,,,,,,,,,,,
D1 Empreendimentos,,16/04/2025,,,,Follow Longo,Assessoria,OUTBOUND,Morno,3,Gabriel,,,,,,,,,,,,,,,,,
Escola Santa Monica,,16/04/2025,,,"R$ 12.000,00",Negociação,Esturação Estratégica,LEADBROKER,Quente,4,Célio,,,,,,,,,,,,,,,,,
RVS Construções,,16/04/2025,,,"R$ 5.680,00",Negociação,Assessoria,OUTBOUND,Morno,4,Gabriel,,,,,,,,,,,,,,,,,
Pronus,,15/04/2025,30/04/2025,05/05/2025,"R$ 15.000,00",Contrato Assinado,Site,OUTBOUND,Morno,3,Célio,,,,,15,,,,,,,,,,,,
Guilherme Pilger,,15/04/2025,15/04/2025,10/05/2025,"R$ 5.000,00",Contrato Assinado,Assessoria,LEADBROKER,Quente,4,Gabriel,,,,,0,,,,,,,,,,,,
Nuteral,,14/04/2025,,,"R$ 5.680,00",Negociação,Assessoria,LEADBROKER,Morno,4,Gabriel,,,,,,,,,,,,,,,,,
Flamac Incorporadora,,14/04/2025,,,"R$ 12.000,00",Negociação,Esturação Estratégica,OUTBOUND,Morno,3,Célio,,,,,,,,,,,,,,,,,
4cbox,,14/04/2025,,,"R$ 5.680,00",Perdido,Assessoria,LEADBROKER,Quente,4,Gabriel,,,,,,,,,,,,,,,,,
Construtora Valle Ribeiro,,14/04/2025,,,"R$ 5.770,00",Perdido,Assessoria,OUTBOUND,Quente,3,Célio,,,,,,,,,,,,,,,,,
Viviane Neu,,12/04/2025,15/04/2025,25/04/2025,"R$ 3.600,00",Contrato Assinado,Assessoria,RECOMENDAÇÃO,Quente,2,Gabriel,,,,,3,,,,,,,,,,,,
Ciclos Empreendimentos,,12/04/2025,14/04/2025,24/04/2025,"R$ 2.102,00",Contrato Assinado,Implementação,LEADBROKER,Quente,4,Gabriel,,,,,2,,,,,,,,,,,,
Ciclos Empreendimentos,,12/04/2025,14/04/2025,24/04/2025,"R$ 5.000,00",Contrato Assinado,Assessoria,LEADBROKER,Quente,4,Gabriel,,,,,2,,,,,,,,,,,,
Omega Odonto,,11/04/2025,,,"R$ 5.680,00",Perdido,Assessoria,LEADBROKER,Morno,3,Gabriel,,,,,,,,,,,,,,,,,
Liv incorporadora,,10/04/2025,17/04/2025,24/04/2025,"R$ 5.839,00",Contrato Assinado,Assessoria,LEADBROKER,Quente,4,Gabriel,,,,,7,,,,,,,,,,,,
Hacasa,,10/04/2025,,,,Follow Longo,Assessoria,OUTBOUND,Frio,1,Gabriel,,,,,,,,,,,,,,,,,
EsteticFace Marista,,10/04/2025,,,"R$ 3.800,00",Perdido,Assessoria,LEADBROKER,Frio,3,Célio,,,,,,,,,,,,,,,,,
Granvia,,10/04/2025,,,"R$ 5.570,00",Negociação,Assessoria,LEADBROKER,Morno,3,Célio,,,,,,,,,,,,,,,,,
Carrocerias Principe,,09/04/2025,,,"R$ 5.000,00",Perdido,Assessoria,LEADBROKER,Morno,4,Gabriel,,,,,,,,,,,,,,,,,
Pães Naturallis,,09/04/2025,,,"R$ 6.000,00",Negociação,Assessoria,LEADBROKER,Morno,4,Gabriel,,,,,,,,,,,,,,,,,
Engedam,,09/04/2025,,,"R$ 5.570,00",Perdido,Assessoria,LEADBROKER,Frio,3,Célio,,,,,,,,,,,,,,,,,
Grupo Zanon Seg Energy,,09/04/2025,,,"R$ 3.570,00",Negociação,Assessoria,LEADBROKER,Morno,3,Célio,,,,,,,,,,,,,,,,,
Master Serviços,,08/04/2025,,,"R$ 5.000,00",Perdido,Assessoria,LEADBROKER,Quente,3,Gabriel,,,,,,,,,,,,,,,,,
Dimax,,08/04/2025,,,"R$ 12.000,00",Negociação,Esturação Estratégica,LEADBROKER,Morno,3,Célio,,,,,,,,,,,,,,,,,
Saemilla Sementes,,08/04/2025,,,"R$ 12.000,00",Negociação,Alavancagem Comercial,OUTBOUND,Frio,1,Gabriel,,,,,,,,,,,,,,,,,
Energizer GRUPO,,08/04/2025,,,,Perdido,Assessoria,RECOMENDAÇÃO,Frio,3,Célio,,,,,,,,,,,,,,,,,
Egv,,07/04/2025,,,,Follow Longo,,LEADBROKER,Frio,2,Célio,,,,,,,,,,,,,,,,,
Cemiterio dos animais,,07/04/2025,,,"R$ 4.800,00",Perdido,Assessoria,LEADBROKER,Frio,1,Célio,,,,,,,,,,,,,,,,,
Ceres,,07/04/2025,,,"R$ 3.000,00",Negociação,Assessoria,LEADBROKER,Morno,0,Gabriel,,,,,,,,,,,,,,,,,
Lebi,,07/04/2025,,,"R$ 5.000,00",Negociação,Assessoria,OUTBOUND,Morno,3,Gabriel,,,,,,,,,,,,,,,,,
Danimars,,07/04/2025,,,"R$ 5.700,00",Perdido,Assessoria,INDICAÇÃO,Morno,3,Célio,,,,,,,,,,,,,,,,,
Neoplasis,,04/04/2025,29/04/2025,15/05/2025,"R$ 7.600,00",Contrato Assinado,Site,LEADBROKER,Quente,4,,,,,,25,,,,,,,,,,,,
Neoplasis,,04/04/2025,29/04/2025,15/05/2025,"R$ 6.500,00",Contrato Assinado,Assessoria,LEADBROKER,Quente,,Célio,,,,,25,,,,,,,,,,,,
Chiptronic,,04/04/2025,,,"R$ 0,00",Follow Longo,Assessoria,LEADBROKER,Morno,2,Gabriel,,,,,,,,,,,,,,,,,
Seu Boné,,03/04/2025,,,"R$ 25.000,00",Negociação,Esturação Estratégica,RECOMENDAÇÃO,Morno,2,Gabriel,,,,,,,,,,,,,,,,,
Prevensul,,03/04/2025,,,"R$ 4.000,00",Negociação,Assessoria,NETWORKING,Morno,2,Gabriel,,,,,,,,,,,,,,,,,
Mais Confecões,,02/04/2025,,,"R$ 3.800,00",Perdido,Assessoria,NETWORKING,Frio,3,Gabriel,,,,,,,,,,,,,,,,,
Denk moveis,,02/04/2025,,,"R$ 4.800,00",Negociação,Assessoria,LEADBROKER,Morno,4,Gabriel,,,,,,,,,,,,,,,,,
IVA AUTO PEÇAS,,02/04/2025,,,,Follow Longo,Assessoria,LEADBROKER,Morno,3,Célio,,,,,,,,,,,,,,,,,
Nerd ao cubo,,02/04/2025,,,"R$ 20.000,00",Perdido,Esturação Estratégica,LEADBROKER,Morno,3,Célio,,,,,,,,,,,,,,,,,
Autoforce,,02/04/2025,,,"R$ 7.500,00",Negociação,Assessoria,LEADBROKER,Morno,3,Gabriel,,,,,,,,,,,,,,,,,
Giassi Construtora,,01/04/2025,,,"R$ 0,00",Follow Longo,Assessoria,OUTBOUND,Quente,2,Gabriel,,,,,,,,,,,,,,,,,
S Cosméticos,,01/04/2025,,,"R$ 8.500,00",Follow Longo,Assessoria,LEADBROKER,Quente,4,Gabriel,20/05/2025,,,,,,,,,,,,,,,,
Voltage servicos,,28/03/2025,,,"R$ 3.500,00",Perdido,Assessoria,NETWORKING,Morno,2,Célio,,,,,,,,,,,,,,,,,
Distribuidora Primavera,,27/03/2025,31/03/2025,10/04/2025,"R$ 4.000,00",Contrato Assinado,Revendido,NETWORKING,Quente,3,Gabriel,,,,,4,,,,,,,,,,,,
Vale Distribuidora Atacadista,,26/03/2025,,,"R$ 12.000,00",Negociação,Esturação Estratégica,NETWORKING,Morno,0,Célio,,,,,,,,,,,,,,,,,
Heilen Pharma,,25/03/2025,,,"R$ 7.500,00",Negociação,Assessoria,NETWORKING,Morno,0,Gabriel,,,,,,,,,,,,,,,,,
Universo dos Containers,,24/03/2025,27/03/2025,10/04/2025,"R$ 5.500,00",Contrato Assinado,Assessoria,OUTBOUND,Quente,4,Gabriel,,,,,3,,,,,,,,,,,,
Kyma,,21/03/2025,,,"R$ 5.500,00",Negociação,Assessoria,OUTBOUND,Frio,2,Gabriel,,,,,,,,,,,,,,,,,
Danielle - Odonto,,21/03/2025,,,"R$ 3.500,00",Perdido,Assessoria,INDICAÇÃO,Quente,0,Célio,,,,,,,,,,,,,,,,,
ESX energia,,21/03/2025,,,"R$ 3.500,00",Perdido,Assessoria,NETWORKING,Frio,2,Célio,,,,,,,,,,,,,,,,,
PP Corp,,20/03/2025,,,"R$ 5.570,00",Negociação,Assessoria,OUTBOUND,Morno,3,Célio,,,,,,,,,,,,,,,,,
SX Loc,,20/03/2025,20/03/2025,01/04/2025,"R$ 4.000,00",Contrato Assinado,Assessoria,NETWORKING,Quente,,Nicolas,,,,,0,,,,,,,,,,,,
SX Loc,,20/03/2025,20/03/2025,01/04/2025,"R$ 2.000,00",Contrato Assinado,Implementação,NETWORKING,Quente,,Nicolas,,,,,0,,,,,,,,,,,,
PRC Equipamentos,,19/03/2025,,,"R$ 5.750,00",Negociação,Assessoria,NETWORKING,Morno,4,Gabriel,,,,,,,,,,,,,,,,,
Columbo Assessoria Contabil,,18/03/2025,,,"R$ 4.500,00",Perdido,Assessoria,LEADBROKER,Morno,2,Célio,,,,,,,,,,,,,,,,,
EdexLab,,18/03/2025,,,"R$ 6.500,00",Negociação,Assessoria,LEADBROKER,Morno,3,Gabriel,,,,,,,,,,,,,,,,,
DAITAN,,17/03/2025,,,"R$ 25.000,00",Negociação,Esturação Estratégica,OUTBOUND,Morno,4,Célio,,,,,,,,,,,,,,,,,
MedClinic Brazil,,17/03/2025,,,"R$ 5.460,00",Perdido,Assessoria,NETWORKING,Quente,3,Gabriel,,,,,,,,,,,,,,,,,
Imobiliaria Castelo,,14/03/2025,,,"R$ 0,00",Perdido,Assessoria,LEADBROKER,Frio,1,Gabriel,,,,,,,,,,,,,,,,,
RT Impreesões Digitais,,14/03/2025,,,"R$ 0,00",Follow Longo,Assessoria,NETWORKING,Morno,3,Gabriel,,,,,,,,,,,,,,,,,
Miriade Construtora,,11/03/2025,,,"R$ 3.500,00",Perdido,Assessoria,OUTBOUND,Morno,3,Gabriel,,,,,,,,,,,,,,,,,
Vekah,,11/03/2025,,,"R$ 3.000,00",Perdido,Assessoria,OUTBOUND,Quente,2,Gabriel,,,,,,,,,,,,,,,,,
Bild,,08/03/2025,,,"R$ 5.800,00",Follow Longo,Assessoria,LEADBROKER,Quente,4,Célio,20/05/2025,,,,,,,,,,,,,,,,
Aisphere,,07/03/2025,,,"R$ 25.000,00",Follow Longo,Esturação Estratégica,OUTBOUND,Frio,4,Célio,20/05/2025,,,,,,,,,,,,,,,,
Bristol,,05/03/2025,04/04/2025,20/04/2025,"R$ 26.196,00",Contrato Assinado,Esturação Estratégica,RECOMENDAÇÃO,Quente,,Célio,,,,,30,,,,,,,,,,,,
Jr Solucoes,,05/03/2025,,,"R$ 12.000,00",Perdido,Esturação Estratégica,LEADBROKER,Quente,4,Célio,,,,,,,,,,,,,,,,,
Lavinha,,05/03/2025,,,"R$ 8.000,00",Perdido,Assessoria,INDICAÇÃO,Morno,,Célio,,,,,,,,,,,,,,,,,
Fabet,,05/03/2025,,,"R$ 4.800,00",Perdido,Assessoria,INDICAÇÃO,Quente,,Célio,,,,,,,,,,,,,,,,,
Psiterapia no Exterior,,05/03/2025,,,"R$ 3.500,00",Perdido,Assessoria,INDICAÇÃO,Frio,,Célio,,,,,,,,,,,,,,,,,
LCI - Aerovalle,,05/03/2025,,,"R$ 0,00",Follow Longo,Assessoria,OUTBOUND,Frio,1,Gabriel,,,,,,,,,,,,,,,,,
Chevrocar,,03/03/2025,,,"R$ 3.500,00",Perdido,Assessoria,LEADBROKER,Frio,3,Célio,,,,,,,,,,,,,,,,,
RDC,,28/02/2025,,,"R$ 0,00",Follow Longo,Assessoria,OUTBOUND,Frio,0,Gabriel,,,,,,,,,,,,,,,,,
Atria,,28/02/2025,28/02/2025,07/03/2025,"R$ 3.800,00",Contrato Assinado,Assessoria,LEADBROKER,Quente,,Célio,,,,,0,,,,,,,,,,,,
Parque Bambuí,,27/02/2025,,,"R$ 8.500,00",Perdido,Assessoria,NETWORKING,Morno,4,Gabriel,,,,,,,,,,,,,,,,,
Vale Imóveis,,27/02/2025,,,"R$ 4.500,00",Perdido,Assessoria,OUTBOUND,Morno,4,Gabriel,,,,,,,,,,,,,,,,,
ABS Atacadista,,27/02/2025,,,"R$ 3.500,00",Perdido,Assessoria,OUTBOUND,Quente,4,Gabriel,,,,,,,,,,,,,,,,,
Marcondes Cesar,,27/02/2025,,,"R$ 0,00",Follow Longo,Assessoria,OUTBOUND,Frio,2,Gabriel,,,,,,,,,,,,,,,,,
Korreto,,20/02/2025,,,"R$ 3.500,00",Follow Longo,Assessoria,OUTBOUND,Frio,3,Gabriel,,,,,,,,,,,,,,,,,
UNICV,,19/02/2025,,,,Perdido,Assessoria,LEADBROKER,Frio,,Célio,,,,,,,,,,,,,,,,,
LZ Limpeza de Tanques,,19/02/2025,20/02/2025,10/03/2025,"R$ 4.000,00",Contrato Assinado,Assessoria,LEADBROKER,Quente,,Gabriel,,,,,1,,,,,,,,,,,,
Imobiliaria Praiana,,17/02/2025,,,"R$ 4.500,00",Follow Longo,Assessoria,LEADBROKER,Frio,,Gabriel,,,,,,,,,,,,,,,,,
Novo tempo Empreendimentos,,17/02/2025,,,"R$ 0,00",Follow Longo,Assessoria,OUTBOUND,Frio,2,Gabriel,10/06/2025,,,,,,,,,,,,,,,,
Dr Alex,,14/02/2025,,,,Perdido,Assessoria,OUTBOUND,Frio,,Célio,,,,,,,,,,,,,,,,,
Turbo Cloud,,11/02/2025,01/04/2025,25/04/2025,"R$ 8.500,00",Contrato Assinado,Assessoria,LEADBROKER,Quente,,Célio,,,,,49,,,,,,,,,,,,
Bella Casa & Okada,,11/02/2025,,,"R$ 6.500,00",Follow Longo,Social Media,OUTBOUND,Frio,2,Gabriel,,,,,,,,,,,,,,,,,
Andaimes Metax,,11/02/2025,,,"R$ 12.000,00",Negociação,Assessoria,OUTBOUND,Morno,3,Gabriel,,,,,,,,,,,,,,,,,
Vic Import,,10/02/2025,,,,Perdido,Brandbook,LEADBROKER,Frio,,Célio,,,,,,,,,,,,,,,,,
Materlux,,06/02/2025,,,"R$ 12.000,00",Follow Longo,Assessoria,LEADBROKER,Morno,,Gabriel,,,,,,,,,,,,,,,,,
Academia Elite,,05/02/2025,,,"R$ 4.500,00",Follow Longo,Assessoria,LEADBROKER,Frio,,Gabriel,,,,,,,,,,,,,,,,,
Clinica Odontologica,,05/02/2025,,,,Perdido,Assessoria,LEADBROKER,Frio,,Célio,,,,,,,,,,,,,,,,,
Tecla Construtora,,05/02/2025,17/02/2025,28/02/2025,"R$ 3.000,00",Contrato Assinado,Implementação,LEADBROKER,Quente,,Gabriel,,,,,12,,,,,,,,,,,,
Tecla Construtora,,05/02/2025,17/02/2025,28/02/2025,"R$ 3.000,00",Contrato Assinado,Assessoria,LEADBROKER,Quente,,Gabriel,,,,,12,,,,,,,,,,,,
2k Jeans,,05/02/2025,13/02/2025,24/02/2025,"R$ 4.700,00",Contrato Assinado,Assessoria,LEADBROKER,Quente,,Gabriel,,,,,8,,,,,,,,,,,,
JXP,07.372.090/0001-90,04/02/2025,04/02/2025,10/02/2025,"R$ 3.000,00",Contrato Assinado,Assessoria,LEADBROKER,Quente,,Célio,,,,,0,,,,,,,,,,,,
Flowtex,40.334.322/0001-91,02/02/2025,14/02/2025,05/03/2025,"R$ 12.000,00",Contrato Assinado,Esturação Estratégica,LEADBROKER,Quente,4,Célio,,,,,12,,,,,,,,,,,,
Marcus Garcia (indicação) - Namaste,40.279.820/0001-89,30/01/2025,05/02/2025,14/02/2025,"R$ 3.000,00",Contrato Assinado,Assessoria,INDICAÇÃO,Quente,4,Célio,,,,,6,,,,,,,,,,,,
Sorridents,,29/01/2025,,,"R$ 5.280,00",Perdido,Assessoria,LEADBROKER,Frio,,Gabriel,,,,,,,,,,,,,,,,,
SCS Geradores - Tivea Geradores,,28/01/2025,02/04/2025,10/04/2025,"R$ 11.500,00",Contrato Assinado,Assessoria,LEADBROKER,Quente,,Gabriel,,,,,64,,,,,,,,,,,,
Kasmed,,28/01/2025,21/02/2025,27/02/2025,"R$ 11.350,00",Contrato Assinado,Site,LEADBROKER,Quente,,Gabriel,,,,,24,,,,,,,,,,,,
Kasmed,,28/01/2025,21/02/2025,27/02/2025,"R$ 5.000,00",Contrato Assinado,Assessoria,LEADBROKER,Quente,,Gabriel,,,,,24,,,,,,,,,,,,
Localed,,28/01/2025,,,"R$ 55.000,00",Negociação,Site,LEADBROKER,Morno,3,Gabriel,,,,,,,,,,,,,,,,,
Jairo ( indicação),,25/01/2025,,,"R$ 5.000,00",Follow Longo,Assessoria,INDICAÇÃO,Frio,4,Célio,,,,,,,,,,,,,,,,,
ICN3,,23/01/2025,29/04/2025,05/05/2025,"R$ 4.000,00",Contrato Assinado,Assessoria,LEADBROKER,Morno,4,Gabriel,,,,,96,,,,,,,,,,,,
Nexgeen,,22/01/2025,,,"R$ 5.280,00",Perdido,Assessoria,LEADBROKER,Morno,,Gabriel,,,,,,,,,,,,,,,,,
Supermercado União,,22/01/2025,,,"R$ 2.000,00",Perdido,Assessoria,OUTBOUND,Morno,,Gabriel,,,,,,,,,,,,,,,,,
Rei do X,,21/01/2025,,,"R$ 3.500,00",Perdido,Assessoria,LEADBROKER,Frio,,Gabriel,,,,,,,,,,,,,,,,,
Comprevalle,,21/01/2025,28/01/2025,15/02/2025,"R$ 4.000,00",Contrato Assinado,Assessoria,LEADBROKER,Quente,,Gabriel,,,,,7,,,,,,,,,,,,
SAFIRA JOIAS,,20/01/2025,,,"R$ 3.900,00",Perdido,Assessoria,LEADBROKER,Morno,4,Célio,,,,,,,,,,,,,,,,,
Moto Pecas Brasil,,18/01/2025,,,"R$ 4.000,00",Perdido,Assessoria,LEADBROKER,Frio,3,Célio,,,,,,,,,,,,,,,,,
Hospital da Obesidade,,17/01/2025,11/03/2025,13/03/2025,"R$ 20.000,00",Contrato Assinado,Esturação Estratégica,LEADBROKER,Quente,4,Célio,,,,,53,,,,,,,,,,,,
Inlab,,17/01/2025,,,"R$ 6.244,00",Follow Longo,Assessoria,LEADBROKER,Morno,,Gabriel,,,,,,,,,,,,,,,,,
Imperium Oticas,,17/01/2025,,,"R$ 5.280,00",Perdido,Assessoria,LEADBROKER,Morno,,Gabriel,,,,,,,,,,,,,,,,,
Implantprime,,17/01/2025,,,"R$ 3.500,00",Perdido,Assessoria,LEADBROKER,Quente,4,Célio,,,,,,,,,,,,,,,,,
Azul Incoporporações - Lançamento,,16/01/2025,,,"R$ 8.600,00",Perdido,Assessoria,OUTBOUND,Frio,,Gabriel,,,,,,,,,,,,,,,,,
Lumiere,,16/01/2025,,,"R$ 4.000,00",Perdido,Assessoria,OUTBOUND,Frio,,Gabriel,,,,,,,,,,,,,,,,,
Itá Pneus,,16/01/2025,,,"R$ 4.500,00",Perdido,Assessoria,LEADBROKER,Morno,4,Célio,,,,,,,,,,,,,,,,,
Tridimensional Construcoes,,16/01/2025,31/01/2025,28/02/2025,"R$ 3.000,00",Contrato Assinado,Assessoria,LEADBROKER,Quente,4,Célio,,,,,15,,,,,,,,,,,,
Hágil Tarapeutica,,15/01/2025,30/01/2025,20/02/2025,"R$ 4.000,00",Contrato Assinado,Assessoria,LEADBROKER,Quente,,Gabriel,,,,,15,,,,,,,,,,,,
Implantar Odontologia,,15/01/2025,,,"R$ 12.632,00",Perdido,Assessoria,LEADBROKER,Morno,,Gabriel,,,,,,,,,,,,,,,,,
UVA,,15/01/2025,,,"R$ 8.600,00",Follow Longo,Assessoria,OUTBOUND,Frio,,Gabriel,,,,,,,,,,,,,,,,,
Tiger Wood,,15/01/2025,,,"R$ 6.500,00",Perdido,Assessoria,LEADBROKER,Quente,,Gabriel,,,,,,,,,,,,,,,,,
Minas Platinum,,15/01/2025,,,"R$ 5.680,00",Perdido,Assessoria,LEADBROKER,Frio,,Gabriel,,,,,,,,,,,,,,,,,
KDW Motors,,15/01/2025,,,"R$ 5.680,00",Perdido,Assessoria,LEADBROKER,Morno,,Gabriel,,,,,,,,,,,,,,,,,
Controlife automacao audio e video,,15/01/2025,,,"R$ 4.000,00",Perdido,Assessoria,LEADBROKER,Morno,3,Célio,,,,,,,,,,,,,,,,,
Penha Empreendimentos,,15/01/2025,,,"R$ 5.370,00",Negociação,Assessoria,OUTBOUND,Morno,0,Gabriel,,,,,,,,,,,,,,,,,
At Energia Solar,,15/01/2025,23/01/2025,30/01/2025,"R$ 2.500,00",Contrato Assinado,Assessoria,LEADBROKER,Quente,4,Célio,,,,,8,,,,,,,,,,,,
MED SAUDE,,15/01/2025,21/01/2025,05/02/2025,"R$ 8.000,00",Contrato Assinado,Assessoria,LEADBROKER,Quente,4,Célio,,,,,6,,,,,,,,,,,,
Zago Concept,,14/01/2025,,,"R$ 6.000,00",Perdido,Assessoria,LEADBROKER,Quente,,Gabriel,,,,,,,,,,,,,,,,,
Nature Turismo,,14/01/2025,,,"R$ 5.680,00",Perdido,Assessoria,LEADBROKER,Morno,,Gabriel,,,,,,,,,,,,,,,,,
Instituto Sabadini,,14/01/2025,,,"R$ 5.000,00",Perdido,Assessoria,LEADBROKER,Morno,,Gabriel,,,,,,,,,,,,,,,,,
Cetro Agro,,14/01/2025,,,"R$ 4.000,00",Perdido,Assessoria,LEADBROKER,Frio,3,Célio,,,,,,,,,,,,,,,,,
Mca Inteligencia ,,14/01/2025,,,"R$ 3.900,00",Follow Longo,Assessoria,LEADBROKER,Frio,3,Célio,,,,,,,,,,,,,,,,,
SNP - Castelo Empreendimentos,,13/01/2025,31/01/2025,15/02/2025,"R$ 3.000,00",Contrato Assinado,Assessoria,LEADBROKER,Morno,,Gabriel,,,,,18,,,,,,,,,,,,
Escar negocios Imobiliarios,,13/01/2025,28/01/2025,28/02/2025,"R$ 5.148,00",Contrato Assinado,Assessoria,LEADBROKER,Quente,4,Célio,,,,,15,,,,,,,,,,,,
OdontoCompany Engenho novo,34.211.939/0001-17,13/01/2025,,,"R$ 4.000,00",Perdido,Assessoria,LEADBROKER,Morno,4,Célio,,,,,,,,,,,,,,,,,
Inconper,,13/01/2025,,,"R$ 4.000,00",Perdido,Assessoria,LEADBROKER,Morno,,Gabriel,,,,,,,,,,,,,,,,,
Carvalho & Santos,,13/01/2025,22/01/2025,04/02/2025,"R$ 11.865,00",Contrato Assinado,Assessoria,LEADBROKER,Quente,,Gabriel,,,,,9,,,,,,,,,,,,
Carvalho & Santos,,13/01/2025,22/01/2025,24/01/2025,"R$ 2.102,00",Contrato Assinado,Implementação,LEADBROKER,Quente,,Gabriel,,,,,9,,,,,,,,,,,,
SitenSul,,12/01/2025,17/01/2025,03/02/2025,"R$ 3.500,00",Contrato Assinado,Assessoria,LEADBROKER,Quente,4,Célio,,,,,5,,,,,,,,,,,,
Central Flex,,10/01/2025,,,"R$ 4.000,00",Perdido,Assessoria,LEADBROKER,Quente,4,Gabriel,,,,,,,,,,,,,,,,,
Minha Casa Tintas,,10/01/2025,,,"R$ 4.000,00",Perdido,Assessoria,LEADBROKER,Morno,4,Gabriel,,,,,,,,,,,,,,,,,
Costa Araujo,,10/01/2025,,,"R$ 3.987,00",Follow Longo,Assessoria,LEADBROKER,Morno,4,Célio,,#REF!,,,,,,,,,,,,,,,
BW Telecom,,09/01/2025,,,"R$ 4.947,00",Perdido,Assessoria,LEADBROKER,Morno,3,Gabriel,,#REF!,,,,,,,,,,,,,,,
Masterleds,13.186.676/0001-63,09/01/2025,,,"R$ 4.860,00",Perdido,Assessoria,LEADBROKER,Frio,4,Célio,,#REF!,,,,,,,,,,,,,,,
Armazém da Grama,,07/01/2025,27/01/2025,03/02/2025,"R$ 6.000,00",Contrato Assinado,Assessoria,LEADBROKER,Morno,3,Gabriel,,#REF!,,,20,,,,,,,,,,,,
Armazém da Grama,,07/01/2025,27/01/2025,03/02/2025,"R$ 2.102,00",Contrato Assinado,Implementação,LEADBROKER,Morno,3,Gabriel,,#REF!,,,20,,,,,,,,,,,,
Esmeralda,,07/01/2025,,,"R$ 5.132,00",Perdido,Assessoria,OUTBOUND,Frio,3,Gabriel,,#REF!,,,,,,,,,,,,,,,
Stand Show,,07/01/2025,,,"R$ 4.860,00",Perdido,Assessoria,LEADBROKER,Frio,4,Célio,,#REF!,,,,,,,,,,,,,,,
Otica Diniz,,20/12/2024,23/12/2024,08/01/2025,"R$ 3.500,00",Contrato Assinado,Assessoria,LEADBROKER,Quente,4,Célio,,,,,3,,,,,,,,,,,,
One Fit Tecnologia,23.640.604/0002-89,17/12/2024,07/01/2025,30/01/2025,"R$ 5.000,00",Contrato Assinado,Assessoria,LEADBROKER,Quente,4,Célio,,#REF!,,,21,,,,,,,,,,,,
Paulo Oliveira Realtor,14072838508,12/12/2024,,,"R$ 6.000,00",Perdido,Assessoria,MVP USA,Morno,0,Gabriel,,#REF!,,,,,,,,,,,,,,,
DIPROSEG MARANHÃO,21.507.013/0001-21,12/12/2024,,,"R$ 4.750,00",Perdido,Assessoria,LEADBROKER,Quente,4,Célio,,#REF!,,,,,,,,,,,,,,,
Clinica Buneza,473891110000103,11/12/2024,16/12/2024,20/12/2024,"R$ 4.703,00",Contrato Assinado,Assessoria,LEADBROKER,Quente,4,Célio,,#REF!,,,5,,,,,,,,,,,,
Padoca Cuisine,15149416660,11/12/2024,,,"R$ 6.000,00",Perdido,Assessoria,MVP USA,Frio,0,Gabriel,,#REF!,,,,,,,,,,,,,,,
Gran Premiatta Petfood,23.658.817/0001-11,11/12/2024,,,"R$ 4.500,00",Perdido,Assessoria,LEADBROKER,Morno,4,Célio,,#REF!,,,,,,,,,,,,,,,
Splash Piscinas,29.605.711/0001-71,11/12/2024,13/12/2024,08/01/2025,"R$ 4.800,00",Contrato Assinado,Assessoria,LEADBROKER,Quente,4,Gabriel,,#REF!,,,2,,,,,,,,,,,,
Splash Piscinas,29.605.711/0001-71,11/12/2024,13/12/2024,08/01/2025,"R$ 2.102,40",Contrato Assinado,Implementação,LEADBROKER,Quente,4,Gabriel,,#REF!,,,2,,,,,,,,,,,,
Filtrasul,04.926.431/0001-34,10/12/2024,13/12/2024,02/01/2025,"R$ 4.000,00",Contrato Assinado,Assessoria,LEADBROKER,Quente,3,Gabriel,,#REF!,,,3,,,,,,,,,,,,
Integrittà,72.761.166/0001-31,06/12/2024,11/12/2024,10/01/2025,"R$ 3.500,00",Contrato Assinado,Assessoria,LEADBROKER,Frio,0,Gabriel,,#REF!,,,5,,,,,,,,,,,,
Docctor Med,39.741.552/0001-96,06/12/2024,11/12/2024,20/12/2024,"R$ 4.800,00",Contrato Assinado,Assessoria,LEADBROKER,Quente,4,Gabriel,,#REF!,,,5,,,,,,,,,,,,
Docctor Med,39.741.552/0001-96,06/12/2024,11/12/2024,20/12/2024,"R$ 2.102,40",Contrato Assinado,Implementação,LEADBROKER,Quente,4,Gabriel,,#REF!,,,5,,,,,,,,,,,,
Great Choice,18043576068,05/12/2024,,,"R$ 4.500,00",Perdido,Assessoria,MVP USA,Frio,4,Célio,,#REF!,,,,,,,,,,,,,,,
GF Etiquetas,38.264.905/0001-41,05/12/2024,,,"R$ 3.618,00",Perdido,Assessoria,LEADBROKER,Frio,4,Gabriel,,#REF!,,,,,,,,,,,,,,,
Clinica Raulino,11.069.588/0001-56,04/12/2024,,,"R$ 5.400,00",Perdido,Assessoria,LEADBROKER,Morno,4,Célio,,#REF!,,,,,,,,,,,,,,,
Emagrecentro Niterói,51.918.366/0001-85,04/12/2024,,,"R$ 3.500,00",Perdido,Assessoria,LEADBROKER,Morno,4,Gabriel,,#REF!,,,,,,,,,,,,,,,
MN Laser,33.921.425/0001-92,04/12/2024,11/12/2024,14/01/2025,"R$ 4.500,00",Contrato Assinado,Assessoria,LEADBROKER,Quente,4,Gabriel,,#REF!,,,7,,,,,,,,,,,,
MN Laser,33.921.425/0001-92,04/12/2024,11/12/2024,14/01/2025,"R$ 2.102,40",Contrato Assinado,Implementação,LEADBROKER,Quente,4,Gabriel,,#REF!,,,7,,,,,,,,,,,,
Rentcon,11.793.782/0001-80,03/12/2024,,,"R$ 6.000,00",Perdido,Assessoria,OUTBOUND,Quente,0,Gabriel,,#REF!,,,,,,,,,,,,,,,
Natreb,02.927.219/0001-66,03/12/2024,,,"R$ 7.000,00",Perdido,Assessoria,LEADBROKER,Frio,0,Gabriel,,#REF!,,,,,,,,,,,,,,,
Magrass - Joinville,57.771.491/0001-91,03/12/2024,,,"R$ 3.500,00",Perdido,Assessoria,LEADBROKER,Morno,4,Gabriel,,#REF!,,,,,,,,,,,,,,,
Facas do Mr,42.864.582/0001-02,03/12/2024,,,"R$ 3.500,00",Perdido,Assessoria,LEADBROKER,Frio,4,Gabriel,,#REF!,,,,,,,,,,,,,,,
Gela ai,15.113.363/0001-00,03/12/2024,,27/01/2025,"R$ 3.500,00",Contrato Assinado,Assessoria,LEADBROKER,Quente,4,Célio,,#REF!,,,,,,,,,,,,,,,
Kestal,,02/12/2024,,,"R$ 5.000,00",Follow Longo,Assessoria,LEADBROKER,Morno,3,Célio,,,,,,,,,,,,,,,,,
Alianza jeans,33.150.815/0001-06,02/12/2024,,,"R$ 4.500,00",Perdido,Assessoria,LEADBROKER,Frio,2,Célio,,,,,,,,,,,,,,,,,
Luana Gratão Estética Avançada,45.284.101/0001-70,02/12/2024,,,"R$ 4.500,00",Perdido,Assessoria,LEADBROKER,Frio,4,Gabriel,,#REF!,,,,,,,,,,,,,,,
Central Point,48.978.075/0001-78,02/12/2024,,,"R$ 3.600,00",Perdido,Assessoria,LEADBROKER,Morno,4,Célio,,#REF!,,,,,,,,,,,,,,,
MADEFORTH,14.874.831/0001-05,02/12/2024,,,"R$ 3.500,00",Perdido,Assessoria,LEADBROKER,Frio,4,Célio,,,,,,,,,,,,,,,,,
Fratelli,17724891101,02/12/2024,03/12/2024,06/12/2024,"R$ 6.000,00",Contrato Assinado,Assessoria,LEADBROKER,Quente,0,Gabriel,,,,,1,,,,,,,,,,,,
Estética virtuosa - Barueri,48.328.683/0001-37,29/11/2024,,,"R$ 3.800,00",Perdido,Assessoria,LEADBROKER,Morno,4,Célio,,#REF!,,,,,,,,,,,,,,,
Herbo,39.044.144/0001-85,29/11/2024,,,"R$ 3.600,00",Perdido,Assessoria,LEADBROKER,Morno,4,Gabriel,,#REF!,,,,,,,,,,,,,,,
HFOR,05.699.676/0001-39,29/11/2024,,,"R$ 3.500,00",Perdido,Assessoria,LEADBROKER,Frio,4,Gabriel,,#REF!,,,,,,,,,,,22/11/2024,#NUM!,,,
Dkasa,92.505.023/0002-57,28/11/2024,,,"R$ 3.500,00",Perdido,Assessoria,NETWORKING,Frio,4,Gabriel,,#REF!,,,,,,,,,,,,,,,
Mednet,44.384.620/0001-47,27/11/2024,,,"R$ 5.800,00",Perdido,Assessoria,LEADBROKER,Frio,4,Gabriel,,#REF!,,,,,,,,,,,,,,,
GRUPO UNIVERS,08.837.888/0001-23,26/11/2024,03/02/2025,23/02/2025,"R$ 3.500,00",Contrato Assinado,Assessoria,LEADBROKER,Quente,4,Célio,,,,,69,,,,,,,,25/11/2024,70,,,
Lucas Lima Barbers & Beauty,15087260568,26/11/2024,,,"R$ 6.000,00",Perdido,Assessoria,MVP USA,Quente,4,Gabriel,,#REF!,,,,,,,,,,,#REF!,#REF!,,,
Space Experience,57848736000131,26/11/2024,,,"R$ 5.000,00",Perdido,Assessoria,INDICAÇÃO,Quente,0,Célio,,#REF!,,,,,,,,,,,#REF!,#REF!,,,
B8 Master Build,17815188977,26/11/2024,,,"R$ 4.357,00",Perdido,Assessoria,MVP USA,Quente,3,Gabriel,,#REF!,,,,,,,,,,,#REF!,#REF!,,,
Quadra Realty,40.294.169/0001-16,25/11/2024,09/12/2024,13/12/2024,"R$ 4.000,00",Contrato Assinado,Assessoria,LEADBROKER,Quente,3,Célio,,#REF!,,,14,,,,,,,,20/11/2024,19,,,
Agante,33.177.186/0001-08,25/11/2024,,,"R$ 3.500,00",Follow Longo,Social Media,INDICAÇÃO,Frio,0,Célio,,#REF!,,,,,,,,,,,#REF!,#REF!,,,
Cosmetco,52.453.118/0001-79,25/11/2024,,,"R$ 4.500,00",Perdido,Assessoria,LEADBROKER,Frio,0,Gabriel,,#REF!,,,,,,,,,,,21/11/2024,#NUM!,,,
Xceed Professional,16786001753,24/11/2024,26/11/2024,03/12/2024,"R$ 4.827,94",Contrato Assinado,Assessoria,MVP USA,Quente,4,Gabriel,,#REF!,,,2,,,,,,,,#REF!,#REF!,,,
Xceed Professional,16786001753,24/11/2024,26/11/2024,03/12/2023,"R$ 2.013,19",Contrato Assinado,Implementação,MVP USA,Quente,4,Gabriel,,#REF!,,,2,,,,,,,,,,,,
SunBrindes,18.320.278/0001-01,23/11/2024,,,"R$ 6.890,00",Follow Longo,Assessoria,LEADBROKER,Frio,4,Célio,,#REF!,,,,,,,,,,,17/11/2024,#NUM!,,,
Local Flexx,08.036.472/0001-06,22/11/2024,,,"R$ 6.840,00",Follow Longo,Assessoria,LEADBROKER,Morno,0,Gabriel,,#REF!,,,,,,,,,,,09/10/2024,#NUM!,,,
Denis Agradoo,25.976.221/0001-20,22/11/2024,,,"R$ 4.000,00",Perdido,Assessoria,LEADBROKER,Morno,4,Célio,,#REF!,,,,,,,,,,,21/11/2024,#NUM!,,,
Casa Brasilia,28.684.547/0001-72,21/11/2024,22/11/2024,06/12/2024,"R$ 3.500,00",Contrato Assinado,Assessoria,LEADBROKER,Quente,4,Gabriel,,#REF!,,,1,,,,,,,,20/11/2024,2,,,
Madeirense,05.744.118/0001-48,20/11/2024,,,"R$ 4.500,00",Perdido,Assessoria,LEADBROKER,Frio,0,Gabriel,,#REF!,,,,,,,,,,,17/11/2024,#NUM!,,,
DR Vacina,47.781.551/0001-01,20/11/2024,,,"R$ 4.500,00",Perdido,Assessoria,LEADBROKER,Frio,4,Gabriel,,#REF!,,,,,,,,,,,18/11/2024,#NUM!,,,
Espaço Feliz,07.291.699/0001-35,20/11/2024,,,"R$ 2.500,00",Perdido,Assessoria,LEADBROKER,Morno,0,Gabriel,,#REF!,,,,,,,,,,,11/11/2024,#NUM!,,,
Pomelo,28.924.014/0001-10,19/11/2024,,,"R$ 4.800,00",Perdido,Assessoria,LEADBROKER,Frio,1,Gabriel,,#REF!,,,,,,,,,,,19/11/2024,#NUM!,,,
Ecomov,57.113.017/0001-72,19/11/2024,,,"R$ 3.950,00",Follow Longo,Assessoria,LEADBROKER,Morno,4,Célio,,#REF!,,,,,,,,,,,09/11/2024,#NUM!,,,
TieBreak Sports (academia TieBreak),25.266.329/0001-20,19/11/2024,,,"R$ 3.500,00",Perdido,Assessoria,LEADBROKER,Morno,4,Célio,,#REF!,,,,,,,,,,,,,,,
Hakim,06.294.099/0001-68,18/11/2024,,,"R$ 4.000,00",,Assessoria,LEADBROKER,Morno,4,Célio,,#REF!,,,,,,,,,,,15/11/2024,#NUM!,,,
MF Harmonização,37.705.320/0001-57,15/11/2024,21/11/2024,28/11/2024,"R$ 3.500,00",Contrato Assinado,Assessoria,LEADBROKER,Quente,4,Gabriel,,#REF!,,,6,,,,,,,,14/11/2024,7,,,
Desec Security,23.019.510/0001-06,14/11/2024,,,"R$ 11.000,00",Follow Longo,Assessoria,LEADBROKER,Morno,2,Célio,,#REF!,,,,,,,,,,,29/10/2024,#NUM!,,,
ELO Oftalmologista,12.237.587/0001-36,13/11/2024,,,"R$ 4.685,00",Follow Longo,Assessoria,LEADBROKER,Morno,3,Célio,,#REF!,,,,,,,,,,,12/11/2024,#NUM!,,,
Buffet Infantil Casa na Árvore,49.049.958/0001-66,13/11/2024,,,"R$ 2.500,00",Perdido,Assessoria,LEADBROKER,Frio,4,Gabriel,,#REF!,,,,,,,,,,,10/11/2024,#NUM!,,,
Brazilian Table,17174686828,12/11/2024,18/11/2024,02/12/2024,"R$ 3.444,00",Contrato Assinado,Assessoria,MVP USA,Quente,4,Gabriel,,#REF!,,,6,,,,,,,,#REF!,#REF!,,,
Bohemi,35.224.244/0001-32,12/11/2024,18/11/2024,18/11/2024,"R$ 5.000,00",Contrato Assinado,Revendido,LEADBROKER,Quente,4,Gabriel,,#REF!,,,6,,,,,,,,10/11/2024,8,,,
Mio milanese,48.322.658/0001-46,12/11/2024,12/11/2024,,"R$ 3.500,00",Contrato Assinado,Assessoria,NETWORKING,Quente,0,Nicolas,,#REF!,,,0,,,,,,,,#REF!,#REF!,,,
Eletric Service,90.495.946/0001-69,11/11/2024,,,"R$ 3.684,00",Perdido,Assessoria,OUTBOUND,Frio,1,Gabriel,,#REF!,,,,,,,,,,,#N/A,#N/A,,,
Total Homem,54.923.872/0001-50,11/11/2024,,,"R$ 5.680,00",Perdido,Assessoria,LEADBROKER,Frio,4,Gabriel,,#REF!,,,,,,,,,,,10/11/2024,#NUM!,,,
Raio X,17.484.549/0001-00,08/11/2024,24/11/2024,10/12/2024,"R$ 6.000,00",Contrato Assinado,Assessoria,LEADBROKER,Quente,4,Gabriel,,#REF!,,,16,,,,,,,,03/11/2024,21,,,
GR Construction,17743602869,08/11/2024,,,"R$ 2.900,00",Perdido,Assessoria,MVP USA,Frio,4,Gabriel,,#REF!,,,,,,,,,,,#REF!,#REF!,,,
Viva Leve,41.808.865/0001-66,08/11/2024,,,"R$ 2.500,00",Perdido,Assessoria,LEADBROKER,Frio,4,Gabriel,,#REF!,,,,,,,,,,,15/09/2024,#NUM!,,,
Terra Brasil,17.041.701/0001-71,07/11/2024,26/11/2024,03/12/2024,"R$ 3.200,00",Contrato Assinado,Assessoria,OUTBOUND,Quente,2,Gabriel,,#REF!,,,19,,,,,,,,#N/A,#N/A,,,
Belli Decor,36.715.349/0001-57,07/11/2024,,,"R$ 3.000,00",Perdido,Assessoria,LEADBROKER,Morno,3,Gabriel,,#REF!,,,,,,,,,,,02/11/2024,#NUM!,,,
Brandz,16036894517,07/11/2024,15/11/2024,16/11/2024,"R$ 4.500,00",Contrato Assinado,Assessoria,MVP USA,Quente,2,Gabriel,,#REF!,,,8,,,,,,,,#REF!,#REF!,,,
Wine Lovers,26.143.208/0001-53,06/11/2024,22/11/2024,15/12/2024,"R$ 7.500,00",Contrato Assinado,Assessoria,LEADBROKER,Quente,4,Gabriel,,#REF!,,,16,,,,,,,,31/10/2024,22,,,
Estética Virtuosa,55.176.726/0001-71,06/11/2024,11/11/2024,11/12/2024,"R$ 7.758,00",Contrato Assinado,Assessoria,LEADBROKER,Quente,4,Gabriel,,#REF!,,,5,,,,,,,,02/11/2024,9,,,
Estética Virtuosa,55.176.726/0001-71,06/11/2024,11/11/2024,11/12/2024,"R$ 3.504,00",Contrato Assinado,Implementação,LEADBROKER,Quente,2,Gabriel,,#REF!,,,5,,,,,,,,02/11/2024,9,,,
Mercadão dos Óculos,43.694.673/0001-00,05/11/2024,,,"R$ 5.000,00",Perdido,Assessoria,LEADBROKER,Frio,4,Gabriel,,#REF!,,,,,,,,,,,01/11/2024,#NUM!,,,
Tivoli,12036673512,04/11/2024,18/11/2024,26/11/2024,"R$ 5.220,00",Contrato Assinado,Assessoria,MVP USA,Quente,0,Gabriel,,#REF!,,,14,,,,,,,,#REF!,#REF!,,,
X Gold,19.260.662/0001-29,04/11/2024,,,"R$ 10.432,00",Perdido,Assessoria,OUTBOUND,Frio,3,Gabriel,,#REF!,,,,,,,,,,,#N/A,#N/A,,,
Integrare,34.998.706/0001-06,01/11/2024,,,"R$ 5.700,00",Perdido,Assessoria,LEADBROKER,Frio,3,Gabriel,,#REF!,,,,,,,,,,,28/02/2024,#NUM!,,,
American Magic Hair,19.656.497/0001-29,31/10/2024,,,"R$ 11.000,00",Perdido,Assessoria,LEADBROKER,,,Gabriel,,#REF!,,,,,,,,,,,30/10/2024,#NUM!,,,
Belcar Veículos,02.918.639/0001-86,30/10/2024,,,"R$ 9.881,00",Perdido,Assessoria,LEADBROKER,,,Gabriel,,#REF!,,,,,,,,,,,29/10/2024,#NUM!,,,
Provale,43.694.673/0001-00,28/10/2024,,,"R$ 6.000,00",Follow Longo,Assessoria,LEADBROKER,Morno,,Gabriel,,#REF!,,,,,,,,,,,01/11/2024,#NUM!,,,
Portomar,12.514.450/0001-81,28/10/2024,,,"R$ 4.500,00",Contrato Assinado,Revendido,LEADBROKER,Frio,,Gabriel,,#REF!,,,,,,,,,,,28/10/2024,#NUM!,,,
Vanessa Rodrigues Coach,16507033580,25/10/2024,,,"R$ 1.750,00",Perdido,Assessoria,MVP USA,,,Gabriel,,#REF!,,,,,,,,,,,#REF!,#REF!,,,
Contabilidade União,35.806.960/0001-28,24/10/2024,31/10/2024,15/11/2024,"R$ 4.000,00",Contrato Assinado,Assessoria,LEADBROKER,Quente,,Gabriel,,#REF!,,,7,,,,,,,,23/10/2024,8,,,
Contabilidade União,35.806.960/0001-28,24/10/2024,31/10/2024,15/11/2024,"R$ 3.000,00",Contrato Assinado,Implementação,LEADBROKER,,,Gabriel,,#REF!,,,7,,,,,,,,23/10/2024,8,,,
3A Por do Sol Loteamento,40.437.192/0001-12,23/10/2024,,,"R$ 5.000,00",Perdido,Assessoria,LEADBROKER,Frio,,Gabriel,,#REF!,,,,,,,,,,,19/10/2024,#NUM!,,,
Taurus,68.523.273/0001-54,16/10/2024,,,"R$ 6.700,00",Perdido,Assessoria,OUTBOUND,Frio,,Gabriel,,#REF!,,,,,,,,,,,#N/A,#N/A,,,
Supermix,34.230.979/0001-06,14/10/2024,,,"R$ 5.275,00",Follow Longo,Assessoria,OUTBOUND,Frio,,Gabriel,10/05/2025,#REF!,,,,,,,,,,,#N/A,#N/A,,,
YDUQS,08.807.432/0001-10,09/10/2024,04/04/2025,04/05/2025,"R$ 8.505,00",Contrato Assinado,Assessoria,OUTBOUND,Frio,,Gabriel,,#REF!,,,177,,,,,,,,#N/A,#N/A,,,
HS Imobiliaria,47.491.853/0001-37,09/10/2024,,,"R$ 5.000,00",Perdido,Assessoria,OUTBOUND,Quente,,Gabriel,,#REF!,,,,,,,,,,,#N/A,#N/A,,,
Yuks,09.514.447/0001-53,09/10/2024,,,"R$ 7.000,00",Perdido,Assessoria,LEADBROKER,Morno,,Gabriel,,#REF!,,,,,,,,,,,06/10/2024,#NUM!,,,
America Remodeling,17543671332,08/10/2024,18/10/2024,20/10/2024,"R$ 5.600,00",Contrato Assinado,Assessoria,MVP USA,Quente,,Gabriel,,#REF!,,,10,,,,,,,,#REF!,#REF!,,,
America Remodeling,17543671332,08/10/2024,18/10/2024,20/10/2024,"R$ 4.600,00",Contrato Assinado,Implementação,MVP USA,,,Gabriel,,#REF!,,,10,,,,,,,,#REF!,#REF!,,,
Marmentini Joias,14.333.684/0001-58,07/10/2024,,,"R$ 3.500,00",Perdido,Assessoria,LEADBROKER,,,Gabriel,,#REF!,,,,,,,,,,,05/09/2024,#NUM!,,,
Playa Crew,16502717243,04/10/2024,,,"R$ 10.000,00",Perdido,Assessoria,MVP USA,Frio,,Gabriel,,#REF!,,,,,,,,,,,#REF!,#REF!,,,
Freitas Home Center,10.606.769/0001-01,04/10/2024,,,"R$ 2.500,00",Perdido,Assessoria,OUTBOUND,Frio,,Gabriel,,#REF!,,,,,,,,,,,#N/A,#N/A,,,
Manager,66.830.423/0001-47,04/10/2024,,,"R$ 12.832,00",Perdido,Assessoria,LEADBROKER,Frio,,Gabriel,,#REF!,,,,,,,,,,,01/10/2024,#NUM!,,,
Select Colchões,66.830.423/0001-47,03/10/2024,15/10/2024,28/10/2024,"R$ 3.000,00",Contrato Assinado,Assessoria,LEADBROKER,Quente,,Nicolas,,#REF!,,,12,,,,,,,,01/10/2024,14,,,
Drefer,11.112.366/0001-79,03/10/2024,,,"R$ 0,00",Perdido,Assessoria,OUTBOUND,Frio,,Gabriel,,#REF!,,,,,,,,,,,#N/A,#N/A,,,
Prolight,50.454.988/0001-37,02/10/2024,21/11/2024,26/11/2024,"R$ 7.500,00",Contrato Assinado,Assessoria,LEADBROKER,Quente,,Nicolas,,#REF!,,,50,,,,,,,,01/10/2024,51,,,
JC Equipamentos,68.196.757/0001-36,02/10/2024,,,"R$ 3.600,00",Perdido,Assessoria,OUTBOUND,Frio,,Gabriel,,#REF!,,,,,,,,,,,#N/A,#N/A,,,
Agilita,47.382.413/0001-41,01/10/2024,,,"R$ 8.152,00",Perdido,Assessoria,OUTBOUND,Frio,,,,#REF!,,,,,,,,,,,#N/A,#N/A,,,
Equip,24.100.533/0001-03,01/10/2024,,,"R$ 5.800,00",Follow Longo,Assessoria,OUTBOUND,Frio,,,,#REF!,,,,,,,,,,,#N/A,#N/A,,,
Tecnogen Geradores,31.888.897/0001-65,30/09/2024,30/09/2024,,"R$ 5.300,00",Contrato Assinado,Assessoria,LEADBROKER,Quente,,,,#REF!,,,0,,,,,,,,25/09/2024,5,,,
OdontoCompany Oficinas,40.452.627/0001-06,26/09/2024,30/09/2024,10/10/2024,"R$ 5.300,00",Contrato Assinado,Assessoria,LEADBROKER,,,,,#REF!,,,4,,,,,,,,25/09/2024,5,,,
Mondo Empreendimentos,01.181.055/0001-08,25/09/2024,,,"R$ 7.617,00",Follow Longo,Assessoria,OUTBOUND,Morno,,,,#REF!,,,,,,,,,,,#N/A,#N/A,,,
Atende Portaria,26.994.563/0001-36,25/09/2024,,,"R$ 6.500,00",Perdido,Assessoria,LEADBROKER,Frio,,,,#REF!,,,,,,,,,,,23/09/2024,#NUM!,,,
Nagaura,24.490.561/0001-84,25/09/2024,,,"R$ 5.977,00",Follow Longo,Assessoria,LEADBROKER,Morno,,,,#REF!,,,,,,,,,,,23/09/2024,#NUM!,,,
Cor da Prata,05.615.674/0001-14,25/09/2024,,,"R$ 4.182,00",Perdido,Assessoria,LEADBROKER,Frio,,,,#REF!,,,,,,,,,,,20/09/2024,#NUM!,,,
Quality Construtora,09.444.583/0001-14,24/09/2024,,,"R$ 20.000,00",Perdido,Assessoria,OUTBOUND,,,,,#REF!,,,,,,,,,,,#N/A,#N/A,,,
Jayamu,02.756.792/0001-54,23/09/2024,,,"R$ 5.000,00",Follow Longo,Assessoria,OUTBOUND,Frio,,,,#REF!,,,,,,,,,,,#N/A,#N/A,,,
Montante,45.963.446/0001-50,22/09/2024,04/10/2024,15/10/2024,"R$ 5.000,00",Contrato Assinado,Assessoria,OUTBOUND,,,,,#REF!,,,12,,,,,,,,#N/A,#N/A,,,
Excel,52.277.952/0001-50,22/09/2024,04/10/2024,15/10/2024,"R$ 2.500,00",Contrato Assinado,Assessoria,OUTBOUND,,,,,#REF!,,,12,,,,,,,,#N/A,#N/A,,,
OdontoCompany Cocais,49.558.527/0001-25,21/09/2024,,,"R$ 5.000,00",Perdido,Assessoria,LEADBROKER,,,,,#REF!,,,,,,,,,,,20/09/2024,#NUM!,,,
Dametto,04.732.746/0001-40,20/09/2024,,,"R$ 4.000,00",Perdido,Assessoria,LEADBROKER,Frio,,,,#REF!,,,,,,,,,,,20/09/2024,#NUM!,,,
Stemmi,54.486.642/0001-71,19/09/2024,,,"R$ 9.000,00",Follow Longo,Assessoria,LEADBROKER,Frio,,,,#REF!,,,,,,,,,,,15/09/2024,#NUM!,,,
Pão do Bairro,03.756.819/0001-71,17/09/2024,21/09/2024,,"R$ 2.500,00",Contrato Assinado,Assessoria,LEADBROKER,Quente,,,,#REF!,,,4,,,,,,,,15/09/2024,6,,,
Lorenzzo Industrial,03.748.107/0001-00,17/09/2024,,,"R$ 4.351,00",Follow Longo,Assessoria,OUTBOUND,Frio,,,,#REF!,,,,,,,,,,,#N/A,#N/A,,,
Gilmaq,10.633.188/0001-69,17/09/2024,,,"R$ 5.274,00",Follow Longo,Assessoria,LEADBROKER,Frio,,,,#REF!,,,,,,,,,,,04/09/2024,#NUM!,,,
Viva Construções,12.997.101/0001-68,13/09/2024,,,"R$ 16.000,00",Follow Longo,Assessoria,OUTBOUND,Frio,,,,#REF!,,,,,,,,,,,#N/A,#N/A,,,
Mais Módulos,31.888.897/0001-65,11/09/2024,18/09/2024,,"R$ 4.000,00",Contrato Assinado,Assessoria,LEADBROKER,Quente,,,,#REF!,,,7,,,,,,,,25/09/2024,#NUM!,,,
Artesano,88.174.610/0001-52,11/09/2024,,,"R$ 6.000,00",Perdido,Assessoria,OUTBOUND,,,,,#REF!,,,,,,,,,,,#N/A,#N/A,,,
Cristal Quality,09.633.312/0001-07,10/09/2024,,,"R$ 5.274,20",Perdido,Assessoria,LEADBROKER,,,,,#REF!,,,,,,,,,,,09/09/2024,#NUM!,,,
Pró Condomínio,79.643.284/0001-94,09/09/2024,02/09/2024,,"R$ 6.378,00",Contrato Assinado,Assessoria,INDICAÇÃO,,,,,#REF!,,,-7,,,,,,,,#REF!,#REF!,,,
Pró Condomínio,79.643.284/0001-94,09/09/2024,02/09/2024,,"R$ 3.522,00",Contrato Assinado,Implementação,INDICAÇÃO,,,,,#REF!,,,-7,,,,,,,,#REF!,#REF!,,,
Absoluta Construtora,05.890.506/0001-37,06/09/2024,,,"R$ 0,00",Perdido,Assessoria,OUTBOUND,,,,,#REF!,,,,,,,,,,,#N/A,#N/A,,,
Kodak,08.899.615/0001-03,05/09/2024,,,"R$ 6.000,00",Follow Longo,Assessoria,OUTBOUND,Frio,,,,#REF!,,,,,,,,,,,#N/A,#N/A,,,
Wine Essence,46.283.855/0001-78,05/09/2024,,,"R$ 5.000,00",Perdido,Assessoria,LEADBROKER,Frio,,,,#REF!,,,,,,,,,,,04/09/2024,#NUM!,,,
Sanear,07.984.218/0001-77,05/09/2024,,,"R$ 0,00",Perdido,Assessoria,LEADBROKER,Frio,,,,#REF!,,,,,,,,,,,04/09/2024,#NUM!,,,
Superna Beauty Tech,55.915.836/0001-08,04/09/2024,05/09/2024,,"R$ 3.000,00",Contrato Assinado,Assessoria,LEADBROKER,Frio,,,,#REF!,,,1,,,,,,,,04/09/2024,1,,,
Z Incorporações,11.990.848/0001-21,03/09/2024,,,"R$ 4.100,00",Follow Longo,Assessoria,OUTBOUND,Frio,,,,#REF!,,,,,,,,,,,#N/A,#N/A,,,
Formato Eventos,09.429.045/0001-50,03/09/2024,,,"R$ 3.500,00",Perdido,Assessoria,OUTBOUND,Frio,,,,#REF!,,,,,,,,,,,#N/A,#N/A,,,
Mosarte,12.144.877/0001-35,30/08/2024,,,"R$ 7.000,00",Perdido,Assessoria,OUTBOUND,,,,,#REF!,,,,,,,,,,,#N/A,#N/A,,,
Construtora Fórmula,07.788.051/0001-79,23/08/2024,,,"R$ 8.000,00",Perdido,Assessoria,OUTBOUND,,,,,#REF!,,,,,,,,,,,#N/A,#N/A,,,
Local Máquinas,07.181.764/0001-70,21/08/2024,,,"R$ 3.800,00",Perdido,Assessoria,OUTBOUND,,,,,#REF!,,,,,,,,,,,#N/A,#N/A,,,
pilkington,61.736.732/0048-00,21/08/2024,,,"R$ 0,00",Perdido,Assessoria,INDICAÇÃO,,,,,#REF!,,,,,,,,,,,#REF!,#REF!,,,
Lavoro,06.116.723/0035-86,20/08/2024,,,"R$ 25.000,00",Perdido,Assessoria,INDICAÇÃO,,,,,#REF!,,,,,,,,,,,#REF!,#REF!,,,
RB Pisos,03.078.897/0001-64,19/08/2024,,,"R$ 6.000,00",Perdido,Assessoria,OUTBOUND,Frio,,,,#REF!,,,,,,,,,,,#N/A,#N/A,,,
Proma,09.141.434/0001-86,19/08/2024,,,"R$ 6.000,00",Perdido,Assessoria,OUTBOUND,,,,,#REF!,,,,,,,,,,,#N/A,#N/A,,,
LB Empreendimentos,13.121.9490001-91,13/08/2024,,,"R$ 8.800,00",Perdido,Assessoria,OUTBOUND,,,,,#REF!,,,,,,,,,,,#N/A,#N/A,,,
Sempren,13.602.763/0001-54,13/08/2024,,,"R$ 8.700,00",Perdido,Assessoria,OUTBOUND,,,,,#REF!,,,,,,,,,,,#N/A,#N/A,,,
Bracon,11.633.925/0001-96,08/08/2024,,,"R$ 11.556,00",Perdido,Assessoria,OUTBOUND,,,,,#REF!,,,,,,,,,,,#N/A,#N/A,,,
Procave,79.244.158/0001-67,08/08/2024,,,"R$ 0,00",Perdido,Assessoria,OUTBOUND,,,,,#REF!,,,,,,,,,,,#N/A,#N/A,,,
Congesa,96.161.237/0001-23,07/08/2024,,,"R$ 4.648,00",Perdido,Assessoria,OUTBOUND,,,,,#REF!,,,,,,,,,,,#N/A,#N/A,,,
ArSystem,03.245.075/0001-20,06/08/2024,,,"R$ 17.800,00",Perdido,Assessoria,OUTBOUND,,,,,#REF!,,,,,,,,,,,#N/A,#N/A,,,
Ergil,02.815.738/0001-32,05/08/2024,,,"R$ 0,00",Perdido,Assessoria,OUTBOUND,,,,,#REF!,,,,,,,,,,,#N/A,#N/A,,,
Sagrado Boulangerie,22.554.445/0001-56,31/07/2024,,,"R$ 7.000,00",Perdido,Assessoria,OUTBOUND,,,,,#REF!,,,,,,,,,,,#N/A,#N/A,,,
Flex Empreendimentos,06.284.562/0001-90,31/07/2024,,,"R$ 3.500,00",Perdido,Assessoria,OUTBOUND,,,,,#REF!,,,,,,,,,,,#N/A,#N/A,,,
Frigoias,07.779.699/0001-89,30/07/2024,,,"R$ 0,00",Perdido,Assessoria,OUTBOUND,,,,,#REF!,,,,,,,,,,,#N/A,#N/A,,,
Soter,30.098.529.0001/50,26/07/2024,,,"R$ 8.800,00",Perdido,Assessoria,OUTBOUND,,,,,#REF!,,,,,,,,,,,#N/A,#N/A,,,
Pronto Plan,02.088.583/0001-80,26/07/2024,,,"R$ 2.200,00",Perdido,Assessoria,OUTBOUND,,,,,#REF!,,,,,,,,,,,#N/A,#N/A,,,
Azul Incorporações,11.165.940/0001-57,26/07/2024,,,"R$ 0,00",Perdido,Assessoria,OUTBOUND,,,,,#REF!,,,,,,,,,,,#N/A,#N/A,,,
Grantec,76.604.875/0001-64,24/07/2024,,,"R$ 0,00",Perdido,Assessoria,OUTBOUND,,,,,#REF!,,,,,,,,,,,#N/A,#N/A,,,
Keké Empreedimentos,12.991.457/0001-94,23/07/2024,,,"R$ 6.849,00",Perdido,Assessoria,OUTBOUND,,,,,#REF!,,,,,,,,,,,#N/A,#N/A,,,
Central Server,04.151.097/0001-94,23/07/2024,,,"R$ 6.817,00",Perdido,Assessoria,INDICAÇÃO,,,,,#REF!,,,,,,,,,,,#REF!,#REF!,,,
Clinica Asperti,20.636.843/0001-96,22/07/2024,,,"R$ 5.900,00",Perdido,Assessoria,INDICAÇÃO,,,,,#REF!,,,,,,,,,,,#REF!,#REF!,,,
Alinea,07.946.146/0001-73,18/07/2024,,,"R$ 4.000,00",Perdido,Assessoria,OUTBOUND,,,,,#REF!,,,,,,,,,,,#N/A,#N/A,,,
Arko Iluminação,51.117.384/0001-68,17/07/2024,17/07/2024,,"R$ 487,00",Contrato Assinado,Implementação,LEADBROKER,,,,,#REF!,,,0,,,,,,,,14/02/2024,154,,,
Motos Neno,80.082.555/0001-69,16/07/2024,,,"R$ 4.000,00",Perdido,Assessoria,INDICAÇÃO,,,,,#REF!,,,,,,,,,,,#REF!,#REF!,,,
RVB,83.203.992/0001-81,12/07/2024,,,"R$ 25.800,00",Perdido,Assessoria,INDICAÇÃO,,,,,#REF!,,,,,,,,,,,#REF!,#REF!,,,
Villa Bela Designer,10.329.110/0001-55,12/07/2024,,,"R$ 7.066,00",Perdido,Assessoria,NETWORKING,,,,,#REF!,,,,,,,,,,,#REF!,#REF!,,,
AST Ambiente,19.674.481/0001-49,09/07/2024,26/07/2024,,"R$ 16.000,00",Contrato Assinado,Site,LEADBROKER,,,,,#REF!,,,17,,,,,,,,27/06/2024,29,,,
S3 Investimento,49.452.689/0001-84,09/07/2024,,,"R$ 30.000,00",Perdido,Assessoria,INDICAÇÃO,,,,,#REF!,,,,,,,,,,,#REF!,#REF!,,,
Grupo Diságua,25.141.379/0001-80,09/07/2024,,,"R$ 10.000,00",Perdido,Assessoria,OUTBOUND,,,,,#REF!,,,,,,,,,,,#N/A,#N/A,,,
Cardim,87.928.410/001-90,05/07/2024,,,"R$ 12.378,00",Perdido,Assessoria,OUTBOUND,,,,,#REF!,,,,,,,,,,,#N/A,#N/A,,,
Calvi,10.978.409/0001-30,04/07/2024,,,"R$ 3.623,00",Perdido,Assessoria,OUTBOUND,,,,,#REF!,,,,,,,,,,,#N/A,#N/A,,,
Fiorama,09.420.283/0001-03,04/07/2024,,,"R$ 9.500,00",Perdido,Assessoria,LEADBROKER,,,,,#REF!,,,,,,,,,,,,,,,
Aníl Imóveis,17.299.571/0001-71,02/07/2024,,,"R$ 7.200,00",Perdido,Assessoria,NETWORKING,,,,,#REF!,,,,,,,,,,,,,,,
Santos Simões,03.200.562/0001-77,02/07/2024,,,"R$ 4.640,00",Perdido,Assessoria,OUTBOUND,,,,,#REF!,,,,,,,,,,,,,,,
Voch Tech,37.019.079/0001-02,01/07/2024,19/07/2024,,"R$ 4.500,00",Contrato Assinado,Assessoria,OUTBOUND,,,,,#REF!,,,18,,,,,,,,,,,,
CGL Construções,06.933.053/0001-41,01/07/2024,04/07/2024,,"R$ 14.610,00",Contrato Assinado,Assessoria,OUTBOUND,,,,,#REF!,,,3,,,,,,,,,,,,
,,,,,,,,,,,,,,,,,,,,,,,,,,,,
,,,,,,,,,,,,,#REF!,,,,,,,,,,,,,,,
,,,,,,,,,,,,,#REF!,,,,,,,,,,,,,,,
,,,,,,,,,,,,,#REF!,,,,,,,,,,,,,,,
,,,,,,,,,,,,,#REF!,,,,,,,,,,,,,,,
,,,,,,,,,,,,,#REF!,,,,,,,,,,,,,,,
,,,,,,,,,,,,,#REF!,,,,,,,,,,,,,,,
,,,,,,,,,,,,,#REF!,,,,,,,,,,,,,,,
,,,,,,,,,,,,,#REF!,,,,,,,,,,,,,,,
,,,,,,,,,,,,,#REF!,,,,,,,,,,,,,,,
,,,,,,,,,,,,,#REF!,,,,,,,,,,,,,,,
,,,,,,,,,,,,,#REF!,,,,,,,,,,,,,,,
,,,,,,,,,,,,,#REF!,,,,,,,,,,,,,,,
,,,,,,,,,,,,,#REF!,,,,,,,,,,,,,,,
,,,,,,,,,,,,,#REF!,,,,,,,,,,,,,,,
,,,,,,,,,,,,,#REF!,,,,,,,,,,,,,,,
,,,,,,,,,,,,,#REF!,,,,,,,,,,,,,,,
,,,,,,,,,,,,,#REF!,,,,,,,,,,,,,,,
,,,,,,,,,,,,,#REF!,,,,,,,,,,,,,,,
,,,,,,,,,,,,,#REF!,,,,,,,,,,,,,,,
,,,,,,,,,,,,,#REF!,,,,,,,,,,,,,,,
,,,,,,,,,,,,,#REF!,,,,,,,,,,,,,,,
,,,,,,,,,,,,,#REF!,,,,,,,,,,,,,,,
,,,,,,,,,,,,,#REF!,,,,,,,,,,,,,,,
,,,,,,,,,,,,,#REF!,,,,,,,,,,,,,,,
,,,,,,,,,,,,,#REF!,,,,,,,,,,,,,,,
,,,,,,,,,,,,,#REF!,,,,,,,,,,,,,,,
,,,,,,,,,,,,,#REF!,,,,,,,,,,,,,,,
,,,,,,,,,,,,,#REF!,,,,,,,,,,,,,,,
,,,,,,,,,,,,,#REF!,,,,,,,,,,,,,,,
,,,,,,,,,,,,,#REF!,,,,,,,,,,,,,,,
,,,,,,,,,,,,,#REF!,,,,,,,,,,,,,,,
,,,,,,,,,,,,,#REF!,,,,,,,,,,,,,,,
,,,,,,,,,,,,,#REF!,,,,,,,,,,,,,,,
,,,,,,,,,,,,,#REF!,,,,,,,,,,,,,,,
,,,,,,,,,,,,,#REF!,,,,,,,,,,,,,,,
,,,,,,,,,,,,,#REF!,,,,,,,,,,,,,,,
,,,,,,,,,,,,,#REF!,,,,,,,,,,,,,,,
,,,,,,,,,,,,,#REF!,,,,,,,,,,,,,,,
,,,,,,,,,,,,,#REF!,,,,,,,,,,,,,,,
,,,,,,,,,,,,,#REF!,,,,,,,,,,,,,,,
,,,,,,,,,,,,,#REF!,,,,,,,,,,,,,,,
,,,,,,,,,,,,,#REF!,,,,,,,,,,,,,,,
,,,,,,,,,,,,,#REF!,,,,,,,,,,,,,,,
,,,,,,,,,,,,,#REF!,,,,,,,,,,,,,,,
,,,,,,,,,,,,,#REF!,,,,,,,,,,,,,,,
,,,,,,,,,,,,,#REF!,,,,,,,,,,,,,,,
,,,,,,,,,,,,,#REF!,,,,,,,,,,,,,,,
,,,,,,,,,,,,,#REF!,,,,,,,,,,,,,,,
,,,,,,,,,,,,,#REF!,,,,,,,,,,,,,,,
,,,,,,,,,,,,,#REF!,,,,,,,,,,,,,,,
,,,,,,,,,,,,,#REF!,,,,,,,,,,,,,,,
,,,,,,,,,,,,,#REF!,,,,,,,,,,,,,,,
,,,,,,,,,,,,,#REF!,,,,,,,,,,,,,,,
,,,,,,,,,,,,,#REF!,,,,,,,,,,,,,,,
,,,,,,,,,,,,,#REF!,,,,,,,,,,,,,,,
,,,,,,,,,,,,,#REF!,,,,,,,,,,,,,,,
,,,,,,,,,,,,,#REF!,,,,,,,,,,,,,,,
,,,,,,,,,,,,,#REF!,,,,,,,,,,,,,,,
,,,,,,,,,,,,,#REF!,,,,,,,,,,,,,,,
,,,,,,,,,,,,,#REF!,,,,,,,,,,,,,,,
,,,,,,,,,,,,,#REF!,,,,,,,,,,,,,,,
,,,,,,,,,,,,,#REF!,,,,,,,,,,,,,,,
,,,,,,,,,,,,,#REF!,,,,,,,,,,,,,,,
,,,,,,,,,,,,,#REF!,,,,,,,,,,,,,,,
,,,,,,,,,,,,,#REF!,,,,,,,,,,,,,,,
,,,,,,,,,,,,,#REF!,,,,,,,,,,,,,,,
,,,,,,,,,,,,,#REF!,,,,,,,,,,,,,,,
,,,,,,,,,,,,,#REF!,,,,,,,,,,,,,,,
,,,,,,,,,,,,,#REF!,,,,,,,,,,,,,,,
,,,,,,,,,,,,,#REF!,,,,,,,,,,,,,,,
,,,,,,,,,,,,,#REF!,,,,,,,,,,,,,,,
,,,,,,,,,,,,,#REF!,,,,,,,,,,,,,,,
,,,,,,,,,,,,,#REF!,,,,,,,,,,,,,,,
,,,,,,,,,,,,,#REF!,,,,,,,,,,,,,,,
,,,,,,,,,,,,,#REF!,,,,,,,,,,,,,,,
,,,,,,,,,,,,,#REF!,,,,,,,,,,,,,,,
,,,,,,,,,,,,,#REF!,,,,,,,,,,,,,,,
,,,,,,,,,,,,,#REF!,,,,,,,,,,,,,,,
,,,,,,,,,,,,,#REF!,,,,,,,,,,,,,,,
,,,,,,,,,,,,,#REF!,,,,,,,,,,,,,,,
,,,,,,,,,,,,,#REF!,,,,,,,,,,,,,,,
,,,,,,,,,,,,,#REF!,,,,,,,,,,,,,,,
,,,,,,,,,,,,,#REF!,,,,,,,,,,,,,,,
,,,,,,,,,,,,,#REF!,,,,,,,,,,,,,,,
,,,,,,,,,,,,,#REF!,,,,,,,,,,,,,,,
,,,,,,,,,,,,,#REF!,,,,,,,,,,,,,,,
,,,,,,,,,,,,,#REF!,,,,,,,,,,,,,,,
,,,,,,,,,,,,,#REF!,,,,,,,,,,,,,,,
,,,,,,,,,,,,,#REF!,,,,,,,,,,,,,,,
,,,,,,,,,,,,,#REF!,,,,,,,,,,,,,,,
,,,,,,,,,,,,,#REF!,,,,,,,,,,,,,,,
,,,,,,,,,,,,,#REF!,,,,,,,,,,,,,,,
,,,,,,,,,,,,,#REF!,,,,,,,,,,,,,,,
,,,,,,,,,,,,,#REF!,,,,,,,,,,,,,,,
,,,,,,,,,,,,,#REF!,,,,,,,,,,,,,,,
,,,,,,,,,,,,,#REF!,,,,,,,,,,,,,,,
,,,,,,,,,,,,,#REF!,,,,,,,,,,,,,,,
,,,,,,,,,,,,,#REF!,,,,,,,,,,,,,,,
,,,,,,,,,,,,,#REF!,,,,,,,,,,,,,,,
,,,,,,,,,,,,,#REF!,,,,,,,,,,,,,,,
,,,,,,,,,,,,,#REF!,,,,,,,,,,,,,,,
,,,,,,,,,,,,,#REF!,,,,,,,,,,,,,,,
,,,,,,,,,,,,,#REF!,,,,,,,,,,,,,,,
,,,,,,,,,,,,,#REF!,,,,,,,,,,,,,,,
,,,,,,,,,,,,,#REF!,,,,,,,,,,,,,,,
,,,,,,,,,,,,,#REF!,,,,,,,,,,,,,,,
,,,,,,,,,,,,,#REF!,,,,,,,,,,,,,,,
,,,,,,,,,,,,,#REF!,,,,,,,,,,,,,,,
,,,,,,,,,,,,,#REF!,,,,,,,,,,,,,,,
,,,,,,,,,,,,,#REF!,,,,,,,,,,,,,,,
,,,,,,,,,,,,,#REF!,,,,,,,,,,,,,,,
,,,,,,,,,,,,,#REF!,,,,,,,,,,,,,,,
,,,,,,,,,,,,,#REF!,,,,,,,,,,,,,,,
,,,,,,,,,,,,,#REF!,,,,,,,,,,,,,,,
,,,,,,,,,,,,,#REF!,,,,,,,,,,,,,,,
,,,,,,,,,,,,,#REF!,,,,,,,,,,,,,,,
,,,,,,,,,,,,,#REF!,,,,,,,,,,,,,,,
,,,,,,,,,,,,,#REF!,,,,,,,,,,,,,,,
,,,,,,,,,,,,,#REF!,,,,,,,,,,,,,,,
,,,,,,,,,,,,,#REF!,,,,,,,,,,,,,,,
,,,,,,,,,,,,,#REF!,,,,,,,,,,,,,,,
,,,,,,,,,,,,,#REF!,,,,,,,,,,,,,,,
,,,,,,,,,,,,,#REF!,,,,,,,,,,,,,,,
,,,,,,,,,,,,,#REF!,,,,,,,,,,,,,,,
,,,,,,,,,,,,,#REF!,,,,,,,,,,,,,,,
,,,,,,,,,,,,,#REF!,,,,,,,,,,,,,,,
,,,,,,,,,,,,,#REF!,,,,,,,,,,,,,,,
,,,,,,,,,,,,,#REF!,,,,,,,,,,,,,,,
,,,,,,,,,,,,,#REF!,,,,,,,,,,,,,,,
,,,,,,,,,,,,,#REF!,,,,,,,,,,,,,,,
,,,,,,,,,,,,,#REF!,,,,,,,,,,,,,,,
,,,,,,,,,,,,,#REF!,,,,,,,,,,,,,,,
,,,,,,,,,,,,,#REF!,,,,,,,,,,,,,,,
,,,,,,,,,,,,,#REF!,,,,,,,,,,,,,,,
,,,,,,,,,,,,,#REF!,,,,,,,,,,,,,,,
,,,,,,,,,,,,,#REF!,,,,,,,,,,,,,,,
,,,,,,,,,,,,,#REF!,,,,,,,,,,,,,,,
,,,,,,,,,,,,,#REF!,,,,,,,,,,,,,,,
,,,,,,,,,,,,,#REF!,,,,,,,,,,,,,,,
,,,,,,,,,,,,,#REF!,,,,,,,,,,,,,,,
,,,,,,,,,,,,,#REF!,,,,,,,,,,,,,,,
,,,,,,,,,,,,,#REF!,,,,,,,,,,,,,,,
,,,,,,,,,,,,,#REF!,,,,,,,,,,,,,,,
,,,,,,,,,,,,,#REF!,,,,,,,,,,,,,,,
,,,,,,,,,,,,,#REF!,,,,,,,,,,,,,,,
,,,,,,,,,,,,,#REF!,,,,,,,,,,,,,,,
,,,,,,,,,,,,,#REF!,,,,,,,,,,,,,,,
,,,,,,,,,,,,,#REF!,,,,,,,,,,,,,,,
,,,,,,,,,,,,,#REF!,,,,,,,,,,,,,,,
,,,,,,,,,,,,,#REF!,,,,,,,,,,,,,,,
,,,,,,,,,,,,,#REF!,,,,,,,,,,,,,,,
,,,,,,,,,,,,,#REF!,,,,,,,,,,,,,,,
,,,,,,,,,,,,,#REF!,,,,,,,,,,,,,,,
,,,,,,,,,,,,,#REF!,,,,,,,,,,,,,,,
,,,,,,,,,,,,,#REF!,,,,,,,,,,,,,,,
,,,,,,,,,,,,,#REF!,,,,,,,,,,,,,,,
,,,,,,,,,,,,,#REF!,,,,,,,,,,,,,,,
,,,,,,,,,,,,,#REF!,,,,,,,,,,,,,,,
,,,,,,,,,,,,,#REF!,,,,,,,,,,,,,,,
,,,,,,,,,,,,,#REF!,,,,,,,,,,,,,,,
,,,,,,,,,,,,,#REF!,,,,,,,,,,,,,,,
,,,,,,,,,,,,,#REF!,,,,,,,,,,,,,,,
,,,,,,,,,,,,,#REF!,,,,,,,,,,,,,,,
,,,,,,,,,,,,,#REF!,,,,,,,,,,,,,,,
,,,,,,,,,,,,,#REF!,,,,,,,,,,,,,,,
,,,,,,,,,,,,,#REF!,,,,,,,,,,,,,,,
,,,,,,,,,,,,,#REF!,,,,,,,,,,,,,,,
,,,,,,,,,,,,,#REF!,,,,,,,,,,,,,,,
,,,,,,,,,,,,,#REF!,,,,,,,,,,,,,,,
,,,,,,,,,,,,,#REF!,,,,,,,,,,,,,,,
,,,,,,,,,,,,,#REF!,,,,,,,,,,,,,,,
,,,,,,,,,,,,,#REF!,,,,,,,,,,,,,,,
,,,,,,,,,,,,,#REF!,,,,,,,,,,,,,,,
,,,,,,,,,,,,,#REF!,,,,,,,,,,,,,,,
,,,,,,,,,,,,,#REF!,,,,,,,,,,,,,,,
,,,,,,,,,,,,,#REF!,,,,,,,,,,,,,,,
,,,,,,,,,,,,,#REF!,,,,,,,,,,,,,,,
,,,,,,,,,,,,,#REF!,,,,,,,,,,,,,,,
,,,,,,,,,,,,,#REF!,,,,,,,,,,,,,,,
,,,,,,,,,,,,,#REF!,,,,,,,,,,,,,,,
,,,,,,,,,,,,,#REF!,,,,,,,,,,,,,,,
,,,,,,,,,,,,,#REF!,,,,,,,,,,,,,,,
,,,,,,,,,,,,,#REF!,,,,,,,,,,,,,,,
,,,,,,,,,,,,,#REF!,,,,,,,,,,,,,,,
,,,,,,,,,,,,,#REF!,,,,,,,,,,,,,,,
,,,,,,,,,,,,,#REF!,,,,,,,,,,,,,,,
,,,,,,,,,,,,,#REF!,,,,,,,,,,,,,,,
,,,,,,,,,,,,,#REF!,,,,,,,,,,,,,,,
,,,,,,,,,,,,,#REF!,,,,,,,,,,,,,,,
,,,,,,,,,,,,,#REF!,,,,,,,,,,,,,,,
,,,,,,,,,,,,,#REF!,,,,,,,,,,,,,,,
,,,,,,,,,,,,,#REF!,,,,,,,,,,,,,,,
,,,,,,,,,,,,,#REF!,,,,,,,,,,,,,,,
,,,,,,,,,,,,,#REF!,,,,,,,,,,,,,,,
,,,,,,,,,,,,,#REF!,,,,,,,,,,,,,,,
,,,,,,,,,,,,,#REF!,,,,,,,,,,,,,,,
,,,,,,,,,,,,,#REF!,,,,,,,,,,,,,,,
,,,,,,,,,,,,,#REF!,,,,,,,,,,,,,,,
,,,,,,,,,,,,,#REF!,,,,,,,,,,,,,,,
,,,,,,,,,,,,,#REF!,,,,,,,,,,,,,,,
,,,,,,,,,,,,,#REF!,,,,,,,,,,,,,,,
,,,,,,,,,,,,,#REF!,,,,,,,,,,,,,,,
,,,,,,,,,,,,,#REF!,,,,,,,,,,,,,,,
,,,,,,,,,,,,,#REF!,,,,,,,,,,,,,,,
,,,,,,,,,,,,,#REF!,,,,,,,,,,,,,,,
,,,,,,,,,,,,,#REF!,,,,,,,,,,,,,,,
,,,,,,,,,,,,,#REF!,,,,,,,,,,,,,,,
,,,,,,,,,,,,,#REF!,,,,,,,,,,,,,,,
,,,,,,,,,,,,,#REF!,,,,,,,,,,,,,,,
,,,,,,,,,,,,,#REF!,,,,,,,,,,,,,,,
,,,,,,,,,,,,,#REF!,,,,,,,,,,,,,,,
,,,,,,,,,,,,,#REF!,,,,,,,,,,,,,,,
,,,,,,,,,,,,,#REF!,,,,,,,,,,,,,,,
,,,,,,,,,,,,,#REF!,,,,,,,,,,,,,,,
,,,,,,,,,,,,,#REF!,,,,,,,,,,,,,,,
,,,,,,,,,,,,,#REF!,,,,,,,,,,,,,,,
,,,,,,,,,,,,,#REF!,,,,,,,,,,,,,,,
,,,,,,,,,,,,,#REF!,,,,,,,,,,,,,,,
,,,,,,,,,,,,,#REF!,,,,,,,,,,,,,,,
,,,,,,,,,,,,,#REF!,,,,,,,,,,,,,,,
,,,,,,,,,,,,,#REF!,,,,,,,,,,,,,,,
,,,,,,,,,,,,,#REF!,,,,,,,,,,,,,,,
,,,,,,,,,,,,,#REF!,,,,,,,,,,,,,,,
,,,,,,,,,,,,,#REF!,,,,,,,,,,,,,,,
,,,,,,,,,,,,,#REF!,,,,,,,,,,,,,,,
,,,,,,,,,,,,,#REF!,,,,,,,,,,,,,,,
,,,,,,,,,,,,,#REF!,,,,,,,,,,,,,,,
,,,,,,,,,,,,,#REF!,,,,,,,,,,,,,,,
,,,,,,,,,,,,,#REF!,,,,,,,,,,,,,,,
,,,,,,,,,,,,,#REF!,,,,,,,,,,,,,,,
,,,,,,,,,,,,,#REF!,,,,,,,,,,,,,,,
,,,,,,,,,,,,,#REF!,,,,,,,,,,,,,,,
,,,,,,,,,,,,,#REF!,,,,,,,,,,,,,,,
,,,,,,,,,,,,,#REF!,,,,,,,,,,,,,,,
,,,,,,,,,,,,,#REF!,,,,,,,,,,,,,,,
,,,,,,,,,,,,,#REF!,,,,,,,,,,,,,,,
,,,,,,,,,,,,,#REF!,,,,,,,,,,,,,,,
,,,,,,,,,,,,,#REF!,,,,,,,,,,,,,,,
,,,,,,,,,,,,,#REF!,,,,,,,,,,,,,,,
,,,,,,,,,,,,,#REF!,,,,,,,,,,,,,,,
,,,,,,,,,,,,,#REF!,,,,,,,,,,,,,,,
,,,,,,,,,,,,,#REF!,,,,,,,,,,,,,,,
,,,,,,,,,,,,,#REF!,,,,,,,,,,,,,,,
,,,,,,,,,,,,,#REF!,,,,,,,,,,,,,,,
,,,,,,,,,,,,,#REF!,,,,,,,,,,,,,,,
,,,,,,,,,,,,,#REF!,,,,,,,,,,,,,,,
,,,,,,,,,,,,,#REF!,,,,,,,,,,,,,,,
,,,,,,,,,,,,,#REF!,,,,,,,,,,,,,,,
,,,,,,,,,,,,,#REF!,,,,,,,,,,,,,,,
,,,,,,,,,,,,,#REF!,,,,,,,,,,,,,,,
,,,,,,,,,,,,,#REF!,,,,,,,,,,,,,,,
,,,,,,,,,,,,,#REF!,,,,,,,,,,,,,,,
,,,,,,,,,,,,,#REF!,,,,,,,,,,,,,,,
,,,,,,,,,,,,,#REF!,,,,,,,,,,,,,,,
,,,,,,,,,,,,,#REF!,,,,,,,,,,,,,,,
,,,,,,,,,,,,,#REF!,,,,,,,,,,,,,,,
,,,,,,,,,,,,,#REF!,,,,,,,,,,,,,,,
,,,,,,,,,,,,,#REF!,,,,,,,,,,,,,,,
,,,,,,,,,,,,,#REF!,,,,,,,,,,,,,,,
,,,,,,,,,,,,,#REF!,,,,,,,,,,,,,,,
,,,,,,,,,,,,,#REF!,,,,,,,,,,,,,,,
,,,,,,,,,,,,,#REF!,,,,,,,,,,,,,,,
,,,,,,,,,,,,,#REF!,,,,,,,,,,,,,,,
,,,,,,,,,,,,,#REF!,,,,,,,,,,,,,,,
,,,,,,,,,,,,,#REF!,,,,,,,,,,,,,,,
,,,,,,,,,,,,,#REF!,,,,,,,,,,,,,,,
,,,,,,,,,,,,,#REF!,,,,,,,,,,,,,,,
,,,,,,,,,,,,,#REF!,,,,,,,,,,,,,,,
,,,,,,,,,,,,,#REF!,,,,,,,,,,,,,,,
,,,,,,,,,,,,,#REF!,,,,,,,,,,,,,,,
,,,,,,,,,,,,,#REF!,,,,,,,,,,,,,,,
,,,,,,,,,,,,,#REF!,,,,,,,,,,,,,,,
,,,,,,,,,,,,,#REF!,,,,,,,,,,,,,,,
,,,,,,,,,,,,,#REF!,,,,,,,,,,,,,,,
,,,,,,,,,,,,,#REF!,,,,,,,,,,,,,,,
,,,,,,,,,,,,,#REF!,,,,,,,,,,,,,,,
,,,,,,,,,,,,,#REF!,,,,,,,,,,,,,,,
,,,,,,,,,,,,,#REF!,,,,,,,,,,,,,,,
,,,,,,,,,,,,,#REF!,,,,,,,,,,,,,,,
,,,,,,,,,,,,,#REF!,,,,,,,,,,,,,,,
,,,,,,,,,,,,,#REF!,,,,,,,,,,,,,,,
,,,,,,,,,,,,,#REF!,,,,,,,,,,,,,,,
,,,,,,,,,,,,,#REF!,,,,,,,,,,,,,,,
,,,,,,,,,,,,,#REF!,,,,,,,,,,,,,,,
,,,,,,,,,,,,,#REF!,,,,,,,,,,,,,,,
,,,,,,,,,,,,,#REF!,,,,,,,,,,,,,,,
,,,,,,,,,,,,,#REF!,,,,,,,,,,,,,,,
,,,,,,,,,,,,,#REF!,,,,,,,,,,,,,,,
,,,,,,,,,,,,,#REF!,,,,,,,,,,,,,,,
,,,,,,,,,,,,,#REF!,,,,,,,,,,,,,,,
,,,,,,,,,,,,,#REF!,,,,,,,,,,,,,,,
,,,,,,,,,,,,,#REF!,,,,,,,,,,,,,,,
,,,,,,,,,,,,,#REF!,,,,,,,,,,,,,,,
,,,,,,,,,,,,,#REF!,,,,,,,,,,,,,,,
,,,,,,,,,,,,,#REF!,,,,,,,,,,,,,,,
,,,,,,,,,,,,,#REF!,,,,,,,,,,,,,,,
,,,,,,,,,,,,,#REF!,,,,,,,,,,,,,,,
,,,,,,,,,,,,,#REF!,,,,,,,,,,,,,,,
,,,,,,,,,,,,,#REF!,,,,,,,,,,,,,,,
,,,,,,,,,,,,,#REF!,,,,,,,,,,,,,,,
,,,,,,,,,,,,,#REF!,,,,,,,,,,,,,,,
,,,,,,,,,,,,,#REF!,,,,,,,,,,,,,,,
,,,,,,,,,,,,,#REF!,,,,,,,,,,,,,,,
,,,,,,,,,,,,,#REF!,,,,,,,,,,,,,,,
,,,,,,,,,,,,,#REF!,,,,,,,,,,,,,,,
,,,,,,,,,,,,,#REF!,,,,,,,,,,,,,,,
,,,,,,,,,,,,,#REF!,,,,,,,,,,,,,,,
,,,,,,,,,,,,,#REF!,,,,,,,,,,,,,,,
,,,,,,,,,,,,,#REF!,,,,,,,,,,,,,,,
,,,,,,,,,,,,,#REF!,,,,,,,,,,,,,,,
,,,,,,,,,,,,,#REF!,,,,,,,,,,,,,,,
,,,,,,,,,,,,,#REF!,,,,,,,,,,,,,,,
,,,,,,,,,,,,,#REF!,,,,,,,,,,,,,,,
,,,,,,,,,,,,,#REF!,,,,,,,,,,,,,,,
,,,,,,,,,,,,,#REF!,,,,,,,,,,,,,,,
,,,,,,,,,,,,,#REF!,,,,,,,,,,,,,,,
,,,,,,,,,,,,,#REF!,,,,,,,,,,,,,,,
,,,,,,,,,,,,,#REF!,,,,,,,,,,,,,,,
,,,,,,,,,,,,,#REF!,,,,,,,,,,,,,,,
,,,,,,,,,,,,,#REF!,,,,,,,,,,,,,,,
,,,,,,,,,,,,,#REF!,,,,,,,,,,,,,,,
,,,,,,,,,,,,,#REF!,,,,,,,,,,,,,,,
,,,,,,,,,,,,,#REF!,,,,,,,,,,,,,,,
,,,,,,,,,,,,,#REF!,,,,,,,,,,,,,,,
,,,,,,,,,,,,,#REF!,,,,,,,,,,,,,,,
,,,,,,,,,,,,,#REF!,,,,,,,,,,,,,,,
,,,,,,,,,,,,,#REF!,,,,,,,,,,,,,,,
,,,,,,,,,,,,,#REF!,,,,,,,,,,,,,,,
,,,,,,,,,,,,,#REF!,,,,,,,,,,,,,,,
,,,,,,,,,,,,,#REF!,,,,,,,,,,,,,,,
,,,,,,,,,,,,,#REF!,,,,,,,,,,,,,,,
,,,,,,,,,,,,,#REF!,,,,,,,,,,,,,,,
,,,,,,,,,,,,,#REF!,,,,,,,,,,,,,,,
,,,,,,,,,,,,,#REF!,,,,,,,,,,,,,,,
,,,,,,,,,,,,,#REF!,,,,,,,,,,,,,,,
,,,,,,,,,,,,,#REF!,,,,,,,,,,,,,,,
,,,,,,,,,,,,,#REF!,,,,,,,,,,,,,,,
,,,,,,,,,,,,,#REF!,,,,,,,,,,,,,,,
,,,,,,,,,,,,,#REF!,,,,,,,,,,,,,,,
,,,,,,,,,,,,,#REF!,,,,,,,,,,,,,,,
,,,,,,,,,,,,,#REF!,,,,,,,,,,,,,,,
,,,,,,,,,,,,,#REF!,,,,,,,,,,,,,,,
,,,,,,,,,,,,,#REF!,,,,,,,,,,,,,,,
,,,,,,,,,,,,,#REF!,,,,,,,,,,,,,,,
,,,,,,,,,,,,,#REF!,,,,,,,,,,,,,,,
,,,,,,,,,,,,,#REF!,,,,,,,,,,,,,,,
,,,,,,,,,,,,,#REF!,,,,,,,,,,,,,,,
,,,,,,,,,,,,,#REF!,,,,,,,,,,,,,,,
,,,,,,,,,,,,,#REF!,,,,,,,,,,,,,,,
,,,,,,,,,,,,,#REF!,,,,,,,,,,,,,,,
,,,,,,,,,,,,,#REF!,,,,,,,,,,,,,,,
,,,,,,,,,,,,,#REF!,,,,,,,,,,,,,,,
,,,,,,,,,,,,,#REF!,,,,,,,,,,,,,,,
,,,,,,,,,,,,,#REF!,,,,,,,,,,,,,,,
,,,,,,,,,,,,,#REF!,,,,,,,,,,,,,,,
,,,,,,,,,,,,,#REF!,,,,,,,,,,,,,,,
,,,,,,,,,,,,,#REF!,,,,,,,,,,,,,,,
,,,,,,,,,,,,,#REF!,,,,,,,,,,,,,,,
,,,,,,,,,,,,,#REF!,,,,,,,,,,,,,,,
,,,,,,,,,,,,,#REF!,,,,,,,,,,,,,,,
,,,,,,,,,,,,,#REF!,,,,,,,,,,,,,,,
,,,,,,,,,,,,,#REF!,,,,,,,,,,,,,,,
,,,,,,,,,,,,,#REF!,,,,,,,,,,,,,,,
,,,,,,,,,,,,,#REF!,,,,,,,,,,,,,,,
,,,,,,,,,,,,,#REF!,,,,,,,,,,,,,,,
,,,,,,,,,,,,,#REF!,,,,,,,,,,,,,,,
,,,,,,,,,,,,,#REF!,,,,,,,,,,,,,,,
,,,,,,,,,,,,,#REF!,,,,,,,,,,,,,,,
,,,,,,,,,,,,,#REF!,,,,,,,,,,,,,,,
,,,,,,,,,,,,,#REF!,,,,,,,,,,,,,,,
,,,,,,,,,,,,,#REF!,,,,,,,,,,,,,,,
,,,,,,,,,,,,,#REF!,,,,,,,,,,,,,,,
,,,,,,,,,,,,,#REF!,,,,,,,,,,,,,,,
,,,,,,,,,,,,,#REF!,,,,,,,,,,,,,,,
,,,,,,,,,,,,,#REF!,,,,,,,,,,,,,,,
,,,,,,,,,,,,,#REF!,,,,,,,,,,,,,,,
,,,,,,,,,,,,,#REF!,,,,,,,,,,,,,,,
,,,,,,,,,,,,,#REF!,,,,,,,,,,,,,,,
,,,,,,,,,,,,,#REF!,,,,,,,,,,,,,,,
,,,,,,,,,,,,,#REF!,,,,,,,,,,,,,,,
,,,,,,,,,,,,,#REF!,,,,,,,,,,,,,,,
,,,,,,,,,,,,,#REF!,,,,,,,,,,,,,,,
,,,,,,,,,,,,,#REF!,,,,,,,,,,,,,,,
,,,,,,,,,,,,,#REF!,,,,,,,,,,,,,,,
,,,,,,,,,,,,,#REF!,,,,,,,,,,,,,,,
,,,,,,,,,,,,,#REF!,,,,,,,,,,,,,,,
,,,,,,,,,,,,,#REF!,,,,,,,,,,,,,,,
,,,,,,,,,,,,,#REF!,,,,,,,,,,,,,,,
,,,,,,,,,,,,,#REF!,,,,,,,,,,,,,,,
,,,,,,,,,,,,,#REF!,,,,,,,,,,,,,,,
,,,,,,,,,,,,,#REF!,,,,,,,,,,,,,,,
,,,,,,,,,,,,,#REF!,,,,,,,,,,,,,,,
,,,,,,,,,,,,,#REF!,,,,,,,,,,,,,,,
,,,,,,,,,,,,,#REF!,,,,,,,,,,,,,,,
,,,,,,,,,,,,,#REF!,,,,,,,,,,,,,,,
,,,,,,,,,,,,,#REF!,,,,,,,,,,,,,,,
,,,,,,,,,,,,,#REF!,,,,,,,,,,,,,,,
,,,,,,,,,,,,,#REF!,,,,,,,,,,,,,,,
,,,,,,,,,,,,,#REF!,,,,,,,,,,,,,,,
,,,,,,,,,,,,,#REF!,,,,,,,,,,,,,,,
,,,,,,,,,,,,,#REF!,,,,,,,,,,,,,,,
,,,,,,,,,,,,,#REF!,,,,,,,,,,,,,,,
,,,,,,,,,,,,,#REF!,,,,,,,,,,,,,,,
,,,,,,,,,,,,,#REF!,,,,,,,,,,,,,,,
,,,,,,,,,,,,,#REF!,,,,,,,,,,,,,,,
,,,,,,,,,,,,,#REF!,,,,,,,,,,,,,,,
,,,,,,,,,,,,,#REF!,,,,,,,,,,,,,,,
,,,,,,,,,,,,,#REF!,,,,,,,,,,,,,,,
,,,,,,,,,,,,,#REF!,,,,,,,,,,,,,,,
,,,,,,,,,,,,,#REF!,,,,,,,,,,,,,,,
,,,,,,,,,,,,,#REF!,,,,,,,,,,,,,,,
,,,,,,,,,,,,,#REF!,,,,,,,,,,,,,,,
,,,,,,,,,,,,,#REF!,,,,,,,,,,,,,,,
,,,,,,,,,,,,,#REF!,,,,,,,,,,,,,,,
,,,,,,,,,,,,,#REF!,,,,,,,,,,,,,,,
,,,,,,,,,,,,,#REF!,,,,,,,,,,,,,,,
,,,,,,,,,,,,,#REF!,,,,,,,,,,,,,,,
,,,,,,,,,,,,,#REF!,,,,,,,,,,,,,,,
,,,,,,,,,,,,,#REF!,,,,,,,,,,,,,,,
,,,,,,,,,,,,,#REF!,,,,,,,,,,,,,,,
,,,,,,,,,,,,,#REF!,,,,,,,,,,,,,,,
,,,,,,,,,,,,,#REF!,,,,,,,,,,,,,,,
,,,,,,,,,,,,,#REF!,,,,,,,,,,,,,,,
,,,,,,,,,,,,,#REF!,,,,,,,,,,,,,,,
,,,,,,,,,,,,,#REF!,,,,,,,,,,,,,,,
,,,,,,,,,,,,,#REF!,,,,,,,,,,,,,,,
,,,,,,,,,,,,,#REF!,,,,,,,,,,,,,,,
,,,,,,,,,,,,,#REF!,,,,,,,,,,,,,,,
,,,,,,,,,,,,,#REF!,,,,,,,,,,,,,,,
,,,,,,,,,,,,,#REF!,,,,,,,,,,,,,,,
,,,,,,,,,,,,,#REF!,,,,,,,,,,,,,,,
,,,,,,,,,,,,,#REF!,,,,,,,,,,,,,,,
,,,,,,,,,,,,,#REF!,,,,,,,,,,,,,,,
,,,,,,,,,,,,,#REF!,,,,,,,,,,,,,,,
,,,,,,,,,,,,,#REF!,,,,,,,,,,,,,,,
,,,,,,,,,,,,,#REF!,,,,,,,,,,,,,,,
,,,,,,,,,,,,,#REF!,,,,,,,,,,,,,,,
,,,,,,,,,,,,,#REF!,,,,,,,,,,,,,,,
,,,,,,,,,,,,,#REF!,,,,,,,,,,,,,,,
,,,,,,,,,,,,,#REF!,,,,,,,,,,,,,,,
,,,,,,,,,,,,,#REF!,,,,,,,,,,,,,,,
,,,,,,,,,,,,,#REF!,,,,,,,,,,,,,,,
,,,,,,,,,,,,,#REF!,,,,,,,,,,,,,,,
,,,,,,,,,,,,,#REF!,,,,,,,,,,,,,,,
,,,,,,,,,,,,,#REF!,,,,,,,,,,,,,,,
,,,,,,,,,,,,,#REF!,,,,,,,,,,,,,,,
,,,,,,,,,,,,,#REF!,,,,,,,,,,,,,,,
,,,,,,,,,,,,,#REF!,,,,,,,,,,,,,,,
,,,,,,,,,,,,,#REF!,,,,,,,,,,,,,,,
,,,,,,,,,,,,,#REF!,,,,,,,,,,,,,,,
,,,,,,,,,,,,,#REF!,,,,,,,,,,,,,,,
,,,,,,,,,,,,,#REF!,,,,,,,,,,,,,,,
,,,,,,,,,,,,,#REF!,,,,,,,,,,,,,,,
,,,,,,,,,,,,,#REF!,,,,,,,,,,,,,,,
,,,,,,,,,,,,,#REF!,,,,,,,,,,,,,,,
,,,,,,,,,,,,,#REF!,,,,,,,,,,,,,,,
,,,,,,,,,,,,,#REF!,,,,,,,,,,,,,,,
,,,,,,,,,,,,,#REF!,,,,,,,,,,,,,,,
,,,,,,,,,,,,,#REF!,,,,,,,,,,,,,,,
,,,,,,,,,,,,,#REF!,,,,,,,,,,,,,,,
,,,,,,,,,,,,,#REF!,,,,,,,,,,,,,,,
,,,,,,,,,,,,,#REF!,,,,,,,,,,,,,,,
,,,,,,,,,,,,,#REF!,,,,,,,,,,,,,,,
,,,,,,,,,,,,,#REF!,,,,,,,,,,,,,,,
,,,,,,,,,,,,,#REF!,,,,,,,,,,,,,,,
,,,,,,,,,,,,,#REF!,,,,,,,,,,,,,,,
,,,,,,,,,,,,,#REF!,,,,,,,,,,,,,,,
,,,,,,,,,,,,,#REF!,,,,,,,,,,,,,,,
,,,,,,,,,,,,,#REF!,,,,,,,,,,,,,,,
,,,,,,,,,,,,,#REF!,,,,,,,,,,,,,,,
,,,,,,,,,,,,,#REF!,,,,,,,,,,,,,,,
,,,,,,,,,,,,,#REF!,,,,,,,,,,,,,,,
,,,,,,,,,,,,,#REF!,,,,,,,,,,,,,,,
,,,,,,,,,,,,,#REF!,,,,,,,,,,,,,,,
,,,,,,,,,,,,,#REF!,,,,,,,,,,,,,,,
,,,,,,,,,,,,,#REF!,,,,,,,,,,,,,,,
,,,,,,,,,,,,,#REF!,,,,,,,,,,,,,,,
,,,,,,,,,,,,,#REF!,,,,,,,,,,,,,,,
,,,,,,,,,,,,,#REF!,,,,,,,,,,,,,,,
,,,,,,,,,,,,,#REF!,,,,,,,,,,,,,,,
,,,,,,,,,,,,,#REF!,,,,,,,,,,,,,,,
,,,,,,,,,,,,,#REF!,,,,,,,,,,,,,,,
,,,,,,,,,,,,,#REF!,,,,,,,,,,,,,,,
,,,,,,,,,,,,,#REF!,,,,,,,,,,,,,,,
,,,,,,,,,,,,,#REF!,,,,,,,,,,,,,,,
,,,,,,,,,,,,,#REF!,,,,,,,,,,,,,,,
,,,,,,,,,,,,,#REF!,,,,,,,,,,,,,,,
,,,,,,,,,,,,,#REF!,,,,,,,,,,,,,,,
,,,,,,,,,,,,,#REF!,,,,,,,,,,,,,,,
,,,,,,,,,,,,,#REF!,,,,,,,,,,,,,,,
,,,,,,,,,,,,,#REF!,,,,,,,,,,,,,,,
,,,,,,,,,,,,,#REF!,,,,,,,,,,,,,,,
,,,,,,,,,,,,,#REF!,,,,,,,,,,,,,,,
,,,,,,,,,,,,,#REF!,,,,,,,,,,,,,,,
,,,,,,,,,,,,,#REF!,,,,,,,,,,,,,,,
,,,,,,,,,,,,,#REF!,,,,,,,,,,,,,,,
,,,,,,,,,,,,,#REF!,,,,,,,,,,,,,,,
,,,,,,,,,,,,,#REF!,,,,,,,,,,,,,,,
,,,,,,,,,,,,,#REF!,,,,,,,,,,,,,,,
,,,,,,,,,,,,,#REF!,,,,,,,,,,,,,,,
,,,,,,,,,,,,,#REF!,,,,,,,,,,,,,,,
,,,,,,,,,,,,,#REF!,,,,,,,,,,,,,,,
,,,,,,,,,,,,,#REF!,,,,,,,,,,,,,,,
,,,,,,,,,,,,,#REF!,,,,,,,,,,,,,,,
,,,,,,,,,,,,,#REF!,,,,,,,,,,,,,,,
,,,,,,,,,,,,,#REF!,,,,,,,,,,,,,,,
,,,,,,,,,,,,,#REF!,,,,,,,,,,,,,,,
,,,,,,,,,,,,,#REF!,,,,,,,,,,,,,,,
,,,,,,,,,,,,,#REF!,,,,,,,,,,,,,,,
,,,,,,,,,,,,,#REF!,,,,,,,,,,,,,,,
,,,,,,,,,,,,,#REF!,,,,,,,,,,,,,,,
,,,,,,,,,,,,,#REF!,,,,,,,,,,,,,,,
,,,,,,,,,,,,,#REF!,,,,,,,,,,,,,,,
,,,,,,,,,,,,,#REF!,,,,,,,,,,,,,,,
,,,,,,,,,,,,,#REF!,,,,,,,,,,,,,,,
,,,,,,,,,,,,,#REF!,,,,,,,,,,,,,,,
,,,,,,,,,,,,,#REF!,,,,,,,,,,,,,,,
,,,,,,,,,,,,,#REF!,,,,,,,,,,,,,,,
,,,,,,,,,,,,,#REF!,,,,,,,,,,,,,,,
,,,,,,,,,,,,,#REF!,,,,,,,,,,,,,,,
,,,,,,,,,,,,,#REF!,,,,,,,,,,,,,,,
,,,,,,,,,,,,,#REF!,,,,,,,,,,,,,,,
,,,,,,,,,,,,,#REF!,,,,,,,,,,,,,,,
,,,,,,,,,,,,,#REF!,,,,,,,,,,,,,,,
,,,,,,,,,,,,,#REF!,,,,,,,,,,,,,,,
,,,,,,,,,,,,,#REF!,,,,,,,,,,,,,,,
,,,,,,,,,,,,,#REF!,,,,,,,,,,,,,,,
,,,,,,,,,,,,,#REF!,,,,,,,,,,,,,,,
,,,,,,,,,,,,,#REF!,,,,,,,,,,,,,,,
,,,,,,,,,,,,,#REF!,,,,,,,,,,,,,,,
,,,,,,,,,,,,,#REF!,,,,,,,,,,,,,,,
,,,,,,,,,,,,,#REF!,,,,,,,,,,,,,,,
,,,,,,,,,,,,,#REF!,,,,,,,,,,,,,,,
,,,,,,,,,,,,,#REF!,,,,,,,,,,,,,,,
,,,,,,,,,,,,,#REF!,,,,,,,,,,,,,,,
,,,,,,,,,,,,,#REF!,,,,,,,,,,,,,,,
,,,,,,,,,,,,,#REF!,,,,,,,,,,,,,,,
,,,,,,,,,,,,,#REF!,,,,,,,,,,,,,,,
,,,,,,,,,,,,,#REF!,,,,,,,,,,,,,,,
,,,,,,,,,,,,,#REF!,,,,,,,,,,,,,,,
,,,,,,,,,,,,,#REF!,,,,,,,,,,,,,,,
,,,,,,,,,,,,,#REF!,,,,,,,,,,,,,,,
,,,,,,,,,,,,,#REF!,,,,,,,,,,,,,,,
,,,,,,,,,,,,,#REF!,,,,,,,,,,,,,,,
,,,,,,,,,,,,,#REF!,,,,,,,,,,,,,,,
,,,,,,,,,,,,,#REF!,,,,,,,,,,,,,,,
,,,,,,,,,,,,,#REF!,,,,,,,,,,,,,,,
,,,,,,,,,,,,,#REF!,,,,,,,,,,,,,,,
,,,,,,,,,,,,,#REF!,,,,,,,,,,,,,,,
,,,,,,,,,,,,,#REF!,,,,,,,,,,,,,,,
,,,,,,,,,,,,,#REF!,,,,,,,,,,,,,,,
,,,,,,,,,,,,,#REF!,,,,,,,,,,,,,,,
,,,,,,,,,,,,,#REF!,,,,,,,,,,,,,,,
,,,,,,,,,,,,,#REF!,,,,,,,,,,,,,,,
,,,,,,,,,,,,,#REF!,,,,,,,,,,,,,,,
,,,,,,,,,,,,,#REF!,,,,,,,,,,,,,,,
,,,,,,,,,,,,,#REF!,,,,,,,,,,,,,,,
,,,,,,,,,,,,,#REF!,,,,,,,,,,,,,,,
,,,,,,,,,,,,,#REF!,,,,,,,,,,,,,,,
,,,,,,,,,,,,,#REF!,,,,,,,,,,,,,,,
,,,,,,,,,,,,,#REF!,,,,,,,,,,,,,,,
,,,,,,,,,,,,,#REF!,,,,,,,,,,,,,,,
,,,,,,,,,,,,,#REF!,,,,,,,,,,,,,,,
,,,,,,,,,,,,,#REF!,,,,,,,,,,,,,,,
,,,,,,,,,,,,,#REF!,,,,,,,,,,,,,,,
,,,,,,,,,,,,,#REF!,,,,,,,,,,,,,,,
,,,,,,,,,,,,,#REF!,,,,,,,,,,,,,,,
,,,,,,,,,,,,,#REF!,,,,,,,,,,,,,,,
,,,,,,,,,,,,,#REF!,,,,,,,,,,,,,,,
,,,,,,,,,,,,,#REF!,,,,,,,,,,,,,,,
,,,,,,,,,,,,,#REF!,,,,,,,,,,,,,,,
,,,,,,,,,,,,,#REF!,,,,,,,,,,,,,,,
,,,,,,,,,,,,,#REF!,,,,,,,,,,,,,,,
,,,,,,,,,,,,,#REF!,,,,,,,,,,,,,,,
,,,,,,,,,,,,,#REF!,,,,,,,,,,,,,,,
,,,,,,,,,,,,,#REF!,,,,,,,,,,,,,,,
,,,,,,,,,,,,,#REF!,,,,,,,,,,,,,,,
,,,,,,,,,,,,,#REF!,,,,,,,,,,,,,,,
,,,,,,,,,,,,,#REF!,,,,,,,,,,,,,,,
,,,,,,,,,,,,,#REF!,,,,,,,,,,,,,,,
,,,,,,,,,,,,,#REF!,,,,,,,,,,,,,,,
,,,,,,,,,,,,,#REF!,,,,,,,,,,,,,,,
,,,,,,,,,,,,,#REF!,,,,,,,,,,,,,,,
,,,,,,,,,,,,,#REF!,,,,,,,,,,,,,,,
,,,,,,,,,,,,,#REF!,,,,,,,,,,,,,,,
,,,,,,,,,,,,,#REF!,,,,,,,,,,,,,,,
,,,,,,,,,,,,,#REF!,,,,,,,,,,,,,,,
,,,,,,,,,,,,,#REF!,,,,,,,,,,,,,,,
,,,,,,,,,,,,,#REF!,,,,,,,,,,,,,,,
,,,,,,,,,,,,,#REF!,,,,,,,,,,,,,,,
,,,,,,,,,,,,,#REF!,,,,,,,,,,,,,,,
,,,,,,,,,,,,,#REF!,,,,,,,,,,,,,,,
,,,,,,,,,,,,,#REF!,,,,,,,,,,,,,,,
,,,,,,,,,,,,,#REF!,,,,,,,,,,,,,,,
,,,,,,,,,,,,,#REF!,,,,,,,,,,,,,,,
,,,,,,,,,,,,,#REF!,,,,,,,,,,,,,,,
,,,,,,,,,,,,,#REF!,,,,,,,,,,,,,,,
,,,,,,,,,,,,,#REF!,,,,,,,,,,,,,,,
,,,,,,,,,,,,,#REF!,,,,,,,,,,,,,,,
,,,,,,,,,,,,,#REF!,,,,,,,,,,,,,,,
,,,,,,,,,,,,,#REF!,,,,,,,,,,,,,,,
,,,,,,,,,,,,,#REF!,,,,,,,,,,,,,,,
,,,,,,,,,,,,,#REF!,,,,,,,,,,,,,,,
,,,,,,,,,,,,,#REF!,,,,,,,,,,,,,,,
,,,,,,,,,,,,,#REF!,,,,,,,,,,,,,,,
,,,,,,,,,,,,,#REF!,,,,,,,,,,,,,,,
,,,,,,,,,,,,,#REF!,,,,,,,,,,,,,,,
,,,,,,,,,,,,,#REF!,,,,,,,,,,,,,,,
,,,,,,,,,,,,,#REF!,,,,,,,,,,,,,,,
,,,,,,,,,,,,,#REF!,,,,,,,,,,,,,,,
,,,,,,,,,,,,,#REF!,,,,,,,,,,,,,,,
,,,,,,,,,,,,,#REF!,,,,,,,,,,,,,,,
,,,,,,,,,,,,,#REF!,,,,,,,,,,,,,,,
,,,,,,,,,,,,,#REF!,,,,,,,,,,,,,,,
,,,,,,,,,,,,,#REF!,,,,,,,,,,,,,,,
,,,,,,,,,,,,,#REF!,,,,,,,,,,,,,,,
,,,,,,,,,,,,,#REF!,,,,,,,,,,,,,,,
,,,,,,,,,,,,,#REF!,,,,,,,,,,,,,,,
,,,,,,,,,,,,,#REF!,,,,,,,,,,,,,,,
,,,,,,,,,,,,,#REF!,,,,,,,,,,,,,,,
,,,,,,,,,,,,,#REF!,,,,,,,,,,,,,,,
,,,,,,,,,,,,,#REF!,,,,,,,,,,,,,,,
,,,,,,,,,,,,,#REF!,,,,,,,,,,,,,,,
,,,,,,,,,,,,,#REF!,,,,,,,,,,,,,,,
,,,,,,,,,,,,,#REF!,,,,,,,,,,,,,,,
,,,,,,,,,,,,,#REF!,,,,,,,,,,,,,,,
,,,,,,,,,,,,,#REF!,,,,,,,,,,,,,,,
,,,,,,,,,,,,,#REF!,,,,,,,,,,,,,,,
,,,,,,,,,,,,,#REF!,,,,,,,,,,,,,,,
,,,,,,,,,,,,,#REF!,,,,,,,,,,,,,,,
,,,,,,,,,,,,,#REF!,,,,,,,,,,,,,,,
,,,,,,,,,,,,,#REF!,,,,,,,,,,,,,,,
,,,,,,,,,,,,,#REF!,,,,,,,,,,,,,,,
,,,,,,,,,,,,,#REF!,,,,,,,,,,,,,,,
,,,,,,,,,,,,,#REF!,,,,,,,,,,,,,,,
,,,,,,,,,,,,,#REF!,,,,,,,,,,,,,,,
,,,,,,,,,,,,,#REF!,,,,,,,,,,,,,,,
,,,,,,,,,,,,,#REF!,,,,,,,,,,,,,,,
,,,,,,,,,,,,,#REF!,,,,,,,,,,,,,,,
,,,,,,,,,,,,,#REF!,,,,,,,,,,,,,,,
,,,,,,,,,,,,,#REF!,,,,,,,,,,,,,,,
,,,,,,,,,,,,,#REF!,,,,,,,,,,,,,,,
,,,,,,,,,,,,,#REF!,,,,,,,,,,,,,,,
,,,,,,,,,,,,,#REF!,,,,,,,,,,,,,,,
,,,,,,,,,,,,,#REF!,,,,,,,,,,,,,,,
,,,,,,,,,,,,,#REF!,,,,,,,,,,,,,,,
,,,,,,,,,,,,,#REF!,,,,,,,,,,,,,,,
,,,,,,,,,,,,,#REF!,,,,,,,,,,,,,,,
,,,,,,,,,,,,,#REF!,,,,,,,,,,,,,,,
,,,,,,,,,,,,,#REF!,,,,,,,,,,,,,,,
,,,,,,,,,,,,,#REF!,,,,,,,,,,,,,,,
,,,,,,,,,,,,,#REF!,,,,,,,,,,,,,,,
,,,,,,,,,,,,,#REF!,,,,,,,,,,,,,,,
,,,,,,,,,,,,,#REF!,,,,,,,,,,,,,,,
,,,,,,,,,,,,,#REF!,,,,,,,,,,,,,,,
,,,,,,,,,,,,,#REF!,,,,,,,,,,,,,,,
,,,,,,,,,,,,,#REF!,,,,,,,,,,,,,,,
,,,,,,,,,,,,,#REF!,,,,,,,,,,,,,,,
,,,,,,,,,,,,,#REF!,,,,,,,,,,,,,,,
,,,,,,,,,,,,,#REF!,,,,,,,,,,,,,,,
,,,,,,,,,,,,,#REF!,,,,,,,,,,,,,,,
,,,,,,,,,,,,,#REF!,,,,,,,,,,,,,,,
,,,,,,,,,,,,,#REF!,,,,,,,,,,,,,,,
,,,,,,,,,,,,,#REF!,,,,,,,,,,,,,,,
,,,,,,,,,,,,,#REF!,,,,,,,,,,,,,,,
,,,,,,,,,,,,,#REF!,,,,,,,,,,,,,,,
,,,,,,,,,,,,,#REF!,,,,,,,,,,,,,,,
,,,,,,,,,,,,,#REF!,,,,,,,,,,,,,,,
,,,,,,,,,,,,,#REF!,,,,,,,,,,,,,,,
,,,,,,,,,,,,,#REF!,,,,,,,,,,,,,,,
,,,,,,,,,,,,,#REF!,,,,,,,,,,,,,,,
,,,,,,,,,,,,,#REF!,,,,,,,,,,,,,,,
,,,,,,,,,,,,,#REF!,,,,,,,,,,,,,,,
,,,,,,,,,,,,,#REF!,,,,,,,,,,,,,,,
,,,,,,,,,,,,,#REF!,,,,,,,,,,,,,,,
,,,,,,,,,,,,,#REF!,,,,,,,,,,,,,,,
,,,,,,,,,,,,,#REF!,,,,,,,,,,,,,,,
,,,,,,,,,,,,,#REF!,,,,,,,,,,,,,,,
,,,,,,,,,,,,,#REF!,,,,,,,,,,,,,,,
,,,,,,,,,,,,,#REF!,,,,,,,,,,,,,,,
,,,,,,,,,,,,,#REF!,,,,,,,,,,,,,,,
,,,,,,,,,,,,,#REF!,,,,,,,,,,,,,,,
,,,,,,,,,,,,,#REF!,,,,,,,,,,,,,,,
,,,,,,,,,,,,,#REF!,,,,,,,,,,,,,,,
,,,,,,,,,,,,,#REF!,,,,,,,,,,,,,,,
,,,,,,,,,,,,,#REF!,,,,,,,,,,,,,,,
,,,,,,,,,,,,,#REF!,,,,,,,,,,,,,,,
,,,,,,,,,,,,,#REF!,,,,,,,,,,,,,,,
,,,,,,,,,,,,,#REF!,,,,,,,,,,,,,,,
,,,,,,,,,,,,,#REF!,,,,,,,,,,,,,,,
,,,,,,,,,,,,,#REF!,,,,,,,,,,,,,,,
,,,,,,,,,,,,,#REF!,,,,,,,,,,,,,,,